cardcode;cardname;cardfname;Address;OUTLET;Street;U_Bill_Area
RQ0016;PT. SARI BURGER INDONESIA;BURGER KING;BURGER KING KELAPA GADING FSDT;KELAPA GADING FSDT;Plaza Pacifik, Jl Boulevard Barat Raya, Blok A4-80, Kelapa Gading, Jakarta, RW5, Jakarta Utara,14240;BK01
RQ0016;PT. SARI BURGER INDONESIA;BURGER KING;BURGER KING SENAYAN CITY;SENAYAN CITY;senayan city lg.#26, jl. asia afrika 1 jakarta;BK01
RQ0016;PT. SARI BURGER INDONESIA;BURGER KING;BURGER KING SKYLINE;SKYLINE;pt.skyline building, jl.mh.thamrin no.9 jakarta;BK02
RQ0016;PT. SARI BURGER INDONESIA;BURGER KING;BURGER KING GRAND INDONESIA;GRAND INDONESIA;JL MH Thamrin Kav 1 Jakarta WM-LG 09-10;BK03
RQ0016;PT. SARI BURGER INDONESIA;BURGER KING;BURGER KING CILANDAK TOWN SQUARE;CILANDAK TOWN SQUARE;Jl.TB.Simatupang Kav.17 Jakarta-12430 Lt1;BK06
RQ0016;PT. SARI BURGER INDONESIA;BURGER KING;BURGER KING SUPERMALL KARAWACI;SUPERMALL KARAWACI;Jl Boulevard  Diponegoro 105 Karawaci Tangerang UG Unit 141;BK10
RQ0016;PT. SARI BURGER INDONESIA;BURGER KING;BURGER KING CENTRAL PARK;CENTRAL PARK;Jl Let Jend S Parman Kav 28 Jakarta 11470 LG 248;BK13
RQ0016;PT. SARI BURGER INDONESIA;BURGER KING;BURGER KING HAYAM WURUK;HAYAM WURUK;Jl Hayam Wuruk 108 Kel Maphar Kec Taman Sari -Jakarta Barat GF;BK14
RQ0016;PT. SARI BURGER INDONESIA;BURGER KING;BURGER KING CIBUBUR SQUARE KM 10;CIBUBUR SQUARE KM 10;Jl Tol Jagorawi Cibubur Kel Cipayung Kec Cipayung Jakarta Timur Rest Area Cibubur KM10;BK15
RQ0016;PT. SARI BURGER INDONESIA;BURGER KING;BURGER KING GIANT BSD;GIANT BSD;Giant Bumi Serpong Damai Blok CBD II,5 Gf11 Jl. Kapten Soebianto Djojohadikusumo Kel Lengkong Gudang;BK17
RQ0016;PT. SARI BURGER INDONESIA;BURGER KING;BURGER KING BLOK M PLAZA;BLOK M PLAZA;Jl.Bulungan No.76 Jakarta Selatan UG Fl Unit UG#06-10;BK20
RQ0016;PT. SARI BURGER INDONESIA;BURGER KING;BURGER KING  BENOA SQUARE BALI;BENOA SQUARE;Benoa Square Jl.By Pass/I Gusti Ngurah Rai No.21A;BK21
RQ0016;PT. SARI BURGER INDONESIA;BURGER KING;BURGER KING MAL CIPUTRA JAKARTA;MAL CIPUTRA JAKARTA;Jl. Arteri S Parman Grogol Jakarta 11470 LG-01;BK23
RQ0016;PT. SARI BURGER INDONESIA;BURGER KING;BURGER KING SUNTER MALL;SUNTER MALL;Jl. Danau Sunter Utara Blok G7 Kav11 Jakarta Utara Lt1-25;BK24
RQ0016;PT. SARI BURGER INDONESIA;BURGER KING;BURGER KING CIBUBUR FSDT-BEKASI;CIBUBUR FSDT-BEKASI;Jl. Raya Alternatif Cibubur Transyogi Cibubur;BK26
RQ0016;PT. SARI BURGER INDONESIA;BURGER KING;BURGER KING PARAMOUNT GADING SERPONG;PARAMOUNT GADING SERPONG;JL Boulevard Gading Serpong CBD Lot 3 Tangerang 15180 CBD Gading Serpong Lot 3;BK27
RQ0016;PT. SARI BURGER INDONESIA;BURGER KING;BURGER KING DUREN SAWIT;DUREN SAWIT;Jl. Kolonel Soegiono 28 Daerah Khusus Ibukota Jakarta 13440;BK28
RQ0016;PT. SARI BURGER INDONESIA;BURGER KING;BURGER KING BOTANI SQUARE;BOTANI SQUARE;Jl. Raya Padjajaran Bogor 16127GF Area Parkir Raffllesia;BK30
RQ0016;PT. SARI BURGER INDONESIA;BURGER KING;BURGER KING PANTAI INDAH KAPUK;PANTAI INDAH KAPUK;Jl. Pantai Indah Utara II Kav.C1 Kapuk Muara Penjaringan Kapuk Jakarta Utara;BK32
RQ0016;PT. SARI BURGER INDONESIA;BURGER KING;BURGER KING SUNSET;SUNSET POINT;JL.SUNSET ROAD 88-99 SEMINYAK KUTA BALI;BK35
RQ0016;PT. SARI BURGER INDONESIA;BURGER KING;BURGER KING REST AREA KM19;REST AREA KM19;JL Tol Jakarta - Cikampek km 19 Lambangsari Tambun Selatan Bekasi Rest Area KM19 Cikampek;BK37
RQ0016;PT. SARI BURGER INDONESIA;BURGER KING;BURGER KING KASABLANKA;KASABLANKA;Jl Casablanca Raya Kav 88 Jakarta 12870 Lt LG Unit L68;BK40
RQ0016;PT. SARI BURGER INDONESIA;BURGER KING;BURGER KING SETIABUDI ONE;SETIABUDI ONE;Jl. HR Rasuna Said Kav.62 Kel Kuningan Timur Kec Setiabudi Jakarta -129201st Fl Unit A202B-A20;BK43
RQ0016;PT. SARI BURGER INDONESIA;BURGER KING;BURGER KING PLAZA ATRIUM;PLAZA ATRIUM;Jl. Senen Raya Blok A 135 Senen Jakarta 10410Gf-0002-0004 (Outdoor Gf0002 Sa);BK44
RQ0016;PT. SARI BURGER INDONESIA;BURGER KING;BURGER KING THAMRIN CITY;THAMRIN CITY;Jl.Thamrin Boulevard Kebon Kacang Tanah Abang Jakarta 10340 Lobby Lt dasar Thamrin Terrace;BK45
RQ0016;PT. SARI BURGER INDONESIA;BURGER KING;BURGER KING REST AREA KM 13.5;REST AREA KM 13.5;Rest Area Jalan Tol Jakarta-Merah KM13,5 (arah Merah Tangerang)Kel Pinang Kec Pinang Tangerang 15145;BK46
RQ0016;PT. SARI BURGER INDONESIA;BURGER KING;BURGER KING LOTTE SHOPPING AVENUE;LOTTE SHOPPING AVENUE;Jl Prof Dr Satrio Kav 3-5 Karet Kunigan Jakarta Lt4 Unit02;BK48
RQ0016;PT. SARI BURGER INDONESIA;BURGER KING;BURGER KING HYPERMALL BEKASI;HYPERMALL BEKASI;jl. Jend Ahmad Yani No.1 Bekasi 17144 UG;BK49
RQ0016;PT. SARI BURGER INDONESIA;BURGER KING;BURGER KING  PLAZA FESTIVAL;PLAZA FESTIVAL;lg. 04a jl. hr. rasuna said kav. c22, jakarta 12920;BK50
RQ0016;PT. SARI BURGER INDONESIA;BURGER KING;BURGER KING PASARAYA BLOK M;PASARAYA BLOK M;ground floor, jl. iskandarsyah ii no.2, blok m - kebayoranbaru;BK51
RQ0016;PT. SARI BURGER INDONESIA;BURGER KING;BURGER KING REST AREA KM14;REST AREA KM14;Jl Tol Tangerang-Jakarta KM14 Kunciran Jaya Pinang Kota Tangerang FSDT;BK52
RQ0016;PT. SARI BURGER INDONESIA;BURGER KING;BURGER KING MALL OF INDONESIA (MOI);MALL OF INDONESIA (MOI);JL Boulevard Barat Raya Kelapa Gading Jakarta 1 Floor Unit D9&D10;BK53
RQ0016;PT. SARI BURGER INDONESIA;BURGER KING;BURGER KING BELLAGIO MALL;BELLAGIO MALL;JL Prof Dr Satrio Kav E4 N03 Mega Kuningan Barat-Jakarta 129500G 11 & OUG 11;BK54
RQ0016;PT. SARI BURGER INDONESIA;BURGER KING;BURGER KING CITYWALK SUDIRMAN;CITYWALK SUDIRMAN;citywalk sudirman, gf #2 jl. k.h mas mansyur 121jakarta 10220;BK60
RQ0016;PT. SARI BURGER INDONESIA;BURGER KING;BURGER KING TRANSMART CARREFOUR CEMPAKA PUTIH;TRANSMART CARREFOUR CEMPAKA PUTIH;JL. AHMAD YANI NO. 83 CEMPAKA PUTIH, JAKARTA 10510 TRANSMART CARREFOUR;BK61
RQ0016;PT. SARI BURGER INDONESIA;BURGER KING;BURGER KING TEBET FSDT;TEBET FSDT;JL LAPANGAN ROOS RAYA RT015 RW004 KEL BUKIT DURI KEC TEBET JAKARTAFSDT;BK62
RQ0016;PT. SARI BURGER INDONESIA;BURGER KING;(IN ACTIVE) BURGER KING TEBET GREEN;TEBET FSDT;jl. letjen mt. haryono, kav.25-26, tebet - jakarta selatan;BK62
RQ0016;PT. SARI BURGER INDONESIA;BURGER KING;BURGER KING GANDARIA CITY;GANDARIA CITY;JL SULTAN ISKANDAR MUDA KEBAYORAN LAMA JAKARTA SELATAN 12240LG Unit L105 DAN SL105;BK63
RQ0016;PT. SARI BURGER INDONESIA;BURGER KING;BURGER KING PERTAMINA GADING SERPONG;PERTAMINA GADING SERPONG;JL Raya Boulevard Gading Serpong Kav Serenade Lake Blok A No03 Kel Pakulonan Barat Kec;BK64
RQ0016;PT. SARI BURGER INDONESIA;BURGER KING;BURGER KING BALEKOTA MALL;BALEKOTA MALL;JL JEND SUDIRMAN KM 10 TANGERANG LG-UNIT 1F-G5;BK65
RQ0016;PT. SARI BURGER INDONESIA;BURGER KING;BURGER KING REST AREA KM 97;KM 97;JL Tol Cipularang KM97 Sadarkarya Darangdan Kab Purwakarta Jawa Barat 41163GF;BK68
RQ0016;PT. SARI BURGER INDONESIA;BURGER KING;BURGER KING KM 39 REST AREA TOL CIKAMPEK BEKASI;KM 39;NULL;BK69
RQ0016;PT. SARI BURGER INDONESIA;BURGER KING;BURGER KING TERMINAL 3 ULTIMATE;TERMINAL 3 ULTIMATE;JL C3 GEDUNG 634 KOMP PERKANTORAN BANDARA SOETTA DEKAT PEMBANGUNAN BANDARA SOETTA GUDANG DHL;BK70
RQ0016;PT. SARI BURGER INDONESIA;BURGER KING;BURGER KING GALUH MAS KARAWANG;GALUH MAS KARAWANG;JL GALUH MAS RAYA KARAWANG JAWA BARATGF;BK71
RQ0016;PT. SARI BURGER INDONESIA;BURGER KING;BURGER KING LIPPO CIKARANG;LIPPO CIKARANG;Jl. MH Thamrin Blok 1A Sukaresmi Cikarang Selatan Bekasi Jawa Barat 17530GF;BK72
RQ0016;PT. SARI BURGER INDONESIA;BURGER KING;BURGER KING PONDOK INDAH PLAZA;PONDOK INDAH PLAZA;JLN METRO PONDOK INDAH BLOK UA JAKARTA 12310GF;BK74
RQ0016;PT. SARI BURGER INDONESIA;BURGER KING;BURGER KING BEC;BEC;JL.Purnawarman No.13-15,Babakan Ciamis Bandung 40117 Street Lv CO5A & CO5B;BK75
RQ0016;PT. SARI BURGER INDONESIA;BURGER KING;BURGER KING CITRA RAYA CIKUPA;CITRA RAYA CIKUPA;PERUMAHAN CITRA RAYA BLOK A07 NO 02D JL BOULEVARD CITRA RAYA DESA CIKUPA KEC CIKUPA KAB TANGERANGGF;BK77
RQ0016;PT. SARI BURGER INDONESIA;BURGER KING;BURGER KING CIBINONG CITY MALL;CIBINONG CITY MALL;Jl. Tegar Beriman No.1 Cibinong Bogor 1st Floor B17;BK78
RQ0016;PT. SARI BURGER INDONESIA;BURGER KING;BURGER KING DAAN MOGOT;DAAN MOGOT;JL.Tampak Siring Raya No.3 Kalideres Jakarta Barat 11840GF;BK79
RQ0016;PT. SARI BURGER INDONESIA;BURGER KING;BURGER KING LIVING WORLD ALAM SUTERA;LIVING WORLD ALAM SUTERA;Jl Alam Sutra Boulevard Kav 21 Alam Sutera Serpong Tangerang 15325GF-Unit G75 & G75T;BK80
RQ0016;PT. SARI BURGER INDONESIA;BURGER KING;BURGER KING CIBUBUR JUNCTION;CIBUBUR JUNCTION;Jl Jambore No. 1 Ciracas JakartaGF;BK81
RQ0016;PT. SARI BURGER INDONESIA;BURGER KING;BURGER KING MALL KELAPA GADING;MALL KELAPA GADING;mall kelapa gading 5 gf #70, jl.boulevar kelapa gadingblok m jakarta;BK84
RQ0016;PT. SARI BURGER INDONESIA;BURGER KING;BURGER KING MALL KELAPA GADING 3;KELAPA GADING 3;Jl. Boulevar  Kelapa Gading Blok M Jakarta 142403rd Floor R-078;BK84
RQ0016;PT. SARI BURGER INDONESIA;BURGER KING;BURGER KING BELLA TERRA;BELLA TERRA;Jl Boulevard Raya Kav1 Kelapa Gading Timur Kelapa Gading Jakarta Utara 14240GF Unit UG 05 & 06;BK85
RQ0016;PT. SARI BURGER INDONESIA;BURGER KING;BURGER KING PONDOK BAMBU;PONDOK BAMBU;JL. Pahlawan Revolusi No.4-6 Pondok Bambu Duren Sawit Jakarta Timur 13440GF;BK86
RQ0016;PT. SARI BURGER INDONESIA;BURGER KING;BURGER KING LIPPO MALL PURI (ST MORITZ);LIPPO MALL PURI (ST MORITZ);JL Puri Indah Raya Blok U1 Puri Indah CBD Jakarta 11610Floor 1 Unit L1-83;BK87
RQ0016;PT. SARI BURGER INDONESIA;BURGER KING;BURGER KING PURI INDAH;PURI INDAH MALL;Jl Metro Pondok Indah Blok UA Jakarta 12310GF;BK87
RQ0016;PT. SARI BURGER INDONESIA;BURGER KING;BURGER KING MAL TAMAN ANGGREK;MAL TAMAN ANGGREK;JL.Letjen S Parman No21 Slipi Jakarta 3rd Floor unit D02;BK89
RQ0016;PT. SARI BURGER INDONESIA;BURGER KING;BURGER KING MAL ARTHA GADING;MAL ARTHA GADING;JL Artha Gading Selatan No1 Jakarta 142401st Floor Unit A2 016-021;BK90
RQ0016;PT. SARI BURGER INDONESIA;BURGER KING;BURGER KING TANG CITY MALL;TANG CITY MALL;JL.Jend Sudirman No.1 Cikokol Serpong-Tangerang Gf-P0001;BK91
RQ0016;PT. SARI BURGER INDONESIA;BURGER KING;BURGER KING MARGO CITY;MARGO CITY;JL.Margonda Raya No.358 Depok 2nd Floor Unit FL2 07;BK93
RQ0016;PT. SARI BURGER INDONESIA;BURGER KING;BURGER KING AEON MALL JGC;AEON MALL JGC;JL.Boulevard Jakarta Garden City-Cakung Jakarta Timur 139103 rd Floor Unit FC-308;BK94
RQ0016;PT. SARI BURGER INDONESIA;BURGER KING;BURGER KING JEMURSARI;JEMURSARI;JL.Jemur sari No.260,Kel panjang Jiwo,Kec Tenggilis Mejoyo,Surabaya Jawa Timur-60237 No260;BK95
RQ0016;PT. SARI BURGER INDONESIA;BURGER KING;BURGER KING ACL;ACL;JL.Pangkalan 2 Bantar Gebang Rt3 Rw5 Bantargebang Bekasi 17153;BK9Z
RQ0016;PT. SARI BURGER INDONESIA;BURGER KING;BURGER KING MALL GRAHA  CIJANTUNG;MALL GRAHA  CIJANTUNG;Jl Pendidikan No.1 Cijantung Pasar Rebo Jakarta 13770GF-Area Food Court (POCI)&Unit No48;BKA0
RQ0016;PT. SARI BURGER INDONESIA;BURGER KING;BURGER KING BUAH BATU;BUAH BATU;JL.Buah Batu No.165 Rt07 RW06 Kel Turangga  Kec Lengkong Bandung-40264 No165;BKA1
RQ0016;PT. SARI BURGER INDONESIA;BURGER KING;BURGER KING BINTARO JAYA XCHANGE;BINTARO JAYA XCHANGE;Bintaro Jaya Sektor VII Boulevard Jaya Blok O-2 Tangerang 15224 1st Floor Unit 412A &412C;BKA2
RQ0016;PT. SARI BURGER INDONESIA;BURGER KING;BURGER KING PLAZA KALIBATA;PLAZA KALIBATA;Jl Raya Kalibata RT3/RW2,Rawajati,Pancoran,Kota Jakarta Selatan,DKI Jakarta-12750LG#04;BKA4
RQ0016;PT. SARI BURGER INDONESIA;BURGER KING;BURGER KING BENDUNGAN HILIR;BENDUNGAN HILIR;JL.Bendungan Hilir Raya No.23,Bendungan Hilir,Tanah Abang,Jakarta Pusat-10210FSDT;BKA5
RQ0016;PT. SARI BURGER INDONESIA;BURGER KING;BURGER KING PAJAJARAN;PAJAJARAN;JL.Raya Pajajaran No E 59 Bogor 16126 No21C;BKA6
RQ0016;PT. SARI BURGER INDONESIA;BURGER KING;BURGER KING SALEMBA FSDT;SALEMBA FSDT;JL.Salemba Raya No21 RT001 RW005,Paseban,Senen Jakarta Pusat FSDT;BKA7
RQ0016;PT. SARI BURGER INDONESIA;BURGER KING;BURGER KING GRAND WISATA;GRAND WISATA;JL.West Gateway Boulevard,Grand Wisata ,Bekasi-17510GF-FSDT;BKA8
RQ0016;PT. SARI BURGER INDONESIA;BURGER KING;BURGER KING PLAZA AMBARUKMO;PLAZA AMBARUKMO (JOGJA);JL Laksda Adisucipto Daerah Istimewa Yogyakarta SS281GF Unit A12 A18-19;BKB1
RQ0016;PT. SARI BURGER INDONESIA;BURGER KING;BURGER KING KOTA HARAPAN INDAH;KOTA HARAPAN INDAH;Kota Harapan Indah,komplek Meli Melo,Jl.Medan Satria Kav01-E Unit C,Pejuang Medan Satria,Kota Bekasi;BKB3
RQ0016;PT. SARI BURGER INDONESIA;BURGER KING;BURGER KING PEJATEN VILLAGE;PEJATEN VILLAGE;Jl.Warung Jati Barat No.39 Kel Jati Padang Pasar minggu Jakarta Selatan 125101st Floor 63;BKB4
RQ0016;PT. SARI BURGER INDONESIA;BURGER KING;BURGER KING GREEN PRAMUKA SQUARE;GREEN PRAMUKA SQUARE;JL.A Yani Kav 49 Rawasari Cempaka Putih Jakarta Pusat Unit GF 29,29a;BKB7
RQ0016;PT. SARI BURGER INDONESIA;BURGER KING;BURGER KING GREEN TERRACE;GREEN TERRACE;JL.Pintu 1 Taman Mini Indonesia Indah GF Blok D No 8B;BKB8
RQ0016;PT. SARI BURGER INDONESIA;BURGER KING;BURGER KING TAMINI GREEN TERRACE;GREEN TERRACE;GF Blok D 8 B,Jl.Pintu Utama 1 TMII,Pinang Ranti,Makasar,Jakarta Timur 13820;BKB8
RQ0016;PT. SARI BURGER INDONESIA;BURGER KING;BURGER KING LAGOON AVENUE;LAGOON AVENUE;JL.KH Noer Ali No.3 Pekayon Jaya Bekasi Selatan Kota Bekasi Jawa Barat 17148GF Unit G43 & 44;BKC1
RQ0016;PT. SARI BURGER INDONESIA;BURGER KING;BURGER KING RANCHO TB SIMATUPANG;RANCHO TB SIMATUPANG;JL.Letjen T.B Simatupang Rt001 Rw002 Kel Tanjung Barat Kec Jagakarsa Jakarta Selatan FSDT;BKC4
RQ0016;PT. SARI BURGER INDONESIA;BURGER KING;BURGER KING KOTA BINTANG;KOTA BINTANG;Grand Kota Bintang Kalimalang Unit W7 Jl. KH Noer Ali Kel.Jaka Sampurna Kec Bekasi Barat,Kota Bekasi;BKC5
RQ0016;PT. SARI BURGER INDONESIA;BURGER KING;BURGER KING REST AREA KM 38;REST AREA KM 38;Jl.Tol Jagorawi KM 38 +250A Bogor RA KM38;BKC6
RQ0016;PT. SARI BURGER INDONESIA;BURGER KING;BURGER KING JL. PANJANG;JL. PANJANG;Jl. Panjang No.86 Rt.06 Rw. 11 Kebon Jeruk Jakarta Barat;BKC8
RQ0016;PT. SARI BURGER INDONESIA;BURGER KING;BURGER KING CILEDUG;CILEDUG;JL.Ciledug raya No 89 Larangan Utara -Tangerang FSDT;BKD0
RQ0016;PT. SARI BURGER INDONESIA;BURGER KING;BURGER KING KOTA WISATA CIBUBUR;KOTA WISATA CIBUBUR;Perumahan Kota Wisata Blok SHC 1 No 3 Desa Ciangsana Kec Gunung Putri Bogor West Java 16968FSDT;BKD1
RQ0016;PT. SARI BURGER INDONESIA;BURGER KING;BURGER KING TSM CIBUBUR;TSM CIBUBUR;Jl Alternatif Cibubur No.230 Harjamukti Cimanggis Kota Depok Jawa Barat 164543rd Fl #L3 05;BKD3
RQ0016;PT. SARI BURGER INDONESIA;BURGER KING;BURGER KING SUMMARECON BEKASI;SUMMARECON BEKASI;Summarecon Bekasi Blok VA 22 Auto Exhibition Center Jl Boulevard Ahmad Yani Bekasi 17143 FSDT;BKD7
RQ0016;PT. SARI BURGER INDONESIA;BURGER KING;BURGER KING BOJONGSARI;BOJONGSARI;JL.Raya Sawangan KM34 Depok Jawa Barat FSDT;BKE6
RQ0016;PT. SARI BURGER INDONESIA;BURGER KING;BURGER KING TEUKU UMAR;TEUKU UMAR (BALI);JL.Teuku Umar Padang Sambilan Denpasar -Bali;BKE7
RQ0016;PT. SARI BURGER INDONESIA;BURGER KING;BURGER KING SUMMARECON MALL SERPONG;SUMMARECON MALL SERPONG;Mall Serpong Summarecon,Ground Floor Jl. Gading Serpong Boulevard No.245 Tangerang-Banten 15810;BKE8
RQ0016;PT. SARI BURGER INDONESIA;BURGER KING;BURGER KING FX SUDIRMAN;FX SUDIRMAN;JL.Jend Sudirman Pintu Satu Senayan Jakarta 10270 F1#08,09,T08,T09;BKF0
RQ0016;PT. SARI BURGER INDONESIA;BURGER KING;BURGER KING DMALL DEPOK;DMALL DEPOK;JL.Margonda Raya Kav 88 Depok 16423G-16;BKF1
RQ0016;PT. SARI BURGER INDONESIA;BURGER KING;BURGER KING LIPPO KEMANG VILLAGE;LIPPO KEMANG VILLAGE;Pangeran Antasari No36 Jakarta L1-16;BKF2
RQ0016;PT. SARI BURGER INDONESIA;BURGER KING;BURGER KING CILEGON;CILEGON;Mutiara Center Mayofield Jl.Jend Sudirman Masigit Kec Purwakarta Kel Ramanuju Kota Cilegon Banten;BKF3
RQ0016;PT. SARI BURGER INDONESIA;BURGER KING;BURGER KING SIDOARJO CITY;SIDOARJO CITY;Jl.Pahlawan No.1 Kawasan Suncity Plaza Sidokumpul Kec Sidoarjo Kab Sidoarjo Sidoarjo 61212FSDT;BKF4
RQ0016;PT. SARI BURGER INDONESIA;BURGER KING;BURGER KING ROXY SQUARE;ROXY SQUARE (JEMBER);Jl. Hayam Wuruk Sempusari Kaliwates Jember 1st Fl;BKF6
RQ0016;PT. SARI BURGER INDONESIA;BURGER KING;BURGER KING JIMBARAN SIDEWALK (NEW MAL);JIMBARAN SIDEWALK;Side Walk Jimbaran GF#7-8 Jl Raya Uluwatu-Jimbaran Kuta Sel Kab Badung Bali;BKF9
RQ0016;PT. SARI BURGER INDONESIA;BURGER KING;BURGER KING KEDIRI MALL;KEDIRI MALL;JL.Hayam Wuruk No.46 Dandangan Kec Kota Kediri Kota Kediri Jawa Timur 64162.GF;BKG0
RQ0016;PT. SARI BURGER INDONESIA;BURGER KING;BURGER KING LEGIAN;LEGIAN;JL.Raya Legian Kel Kuta Kec Kuta Kab DaerahTingkat II Badung Propinsi Daerah Tingkat 1 Bali FSDT;BKG3
RQ0016;PT. SARI BURGER INDONESIA;BURGER KING;BURGER KING MALL PANAKUKKANG;MALL PANAKKUKANG (MKSR);JL.Boulevard Ruko Cemp No.11-8 Masale Panakkukang kota Makassar Sulawesi;BKG4
RQ0016;PT. SARI BURGER INDONESIA;BURGER KING;BURGER KING MALL RATU INDAH;MALL RATU INDAH (MKSR);JL Ratulangi No.35 Mamajang Luar Mamajang Kota Makassar Sulawesi Selatan;BKG6
RQ0016;PT. SARI BURGER INDONESIA;BURGER KING;BURGER KING AEON  BSD;AEON  BSD;Jl. BSD Raya Utama Desa Sampora Kecamatan Cisauk Kabupaten Tangerang 153453rd Fl Lot 3-09 M-09;BKG7
RQ0016;PT. SARI BURGER INDONESIA;BURGER KING;BURGER KING CIDENG;CIDENG;Jl Cideng Timur No4 Rw6 Petojo Selatan Kecamatan Gambir Kota Jakarta Pusat Tanah 10160FSDT;BKG8
RQ0016;PT. SARI BURGER INDONESIA;BURGER KING;BURGER KING PLUIT VILLAGE;PLUIT VILLAGE;Jl. Pluit Indah Raya 14450GF G2;BKG9
RQ0016;PT. SARI BURGER INDONESIA;BURGER KING;BURGER KING TRANSPARK JUANDA BEKASI;TRANSPARK JUANDA BEKASI;TRANSPARK JUANDA,GF 26 JL. H Juanda No.180 Kel Margahayu Kec Bekasi Timur-17113 GF 26;BKH0
RQ0016;PT. SARI BURGER INDONESIA;BURGER KING;BURGER KING MEUTIA KIRANA;MEUTIA KIRANA;Jl.Villa Meuthia Kirana Blok F1 & F2 Jl Raya Cut Meutia Bekasi -17114 FSDT;BKH1
RQ0016;PT. SARI BURGER INDONESIA;BURGER KING;BURGER KING KUNINGAN CITY;KUNINGAN CITY;Jl.Prof Dr.Satrio Kav 18 Kuningan Setiabudi Jakarta GF 25;BKH2
RQ0016;PT. SARI BURGER INDONESIA;BURGER KING;BURGER KING BINTARO SEKTOR 9;BINTARO SEKTOR 9;JL.Arteri Bintaro 1-02 Pondok Pucung Pondok Aren Tangerang Selatan 15229FSDT;BKI2
RQ0016;PT. SARI BURGER INDONESIA;BURGER KING;BURGER KING JABABEKA;JABABEKA;Tazza Square Kawasan Jababeka Jl Cikarang Baru Raya No1 Cikarang Bekasi FSDT;BKI3
RQ0016;PT. SARI BURGER INDONESIA;BURGER KING;BURGER KING JATIASIH;JATIASIH;JL.Wibawa Mukti II Jatiasih Bekasi 17423FSDT;BKI5
RQ0016;PT. SARI BURGER INDONESIA;BURGER KING;BURGER KING CIPONDOH;CIPONDOH;JL.K.H Hasyim Ashari RT010 Rw06 Kec Cipondoh Kel Cipondoh Tangerang-15148FSDT;BKI8
RQ0016;PT. SARI BURGER INDONESIA;BURGER KING;BURGER KING BK ARARASA(BSD MAXLEY);BK ARARASA(BSD MAXLEY);JL.Raya Utama BSD Lot 9-11 Urut GA Kel Lengkong Kulon Kec Pagedangan Tangerang;BKJ4
RQ0016;PT. SARI BURGER INDONESIA;BURGER KING;BURGER KING BSD MAXLEY;BSD MAXLEY;JL Raya Utama MD Lot 9-11 Kelurahan Lengkong Kulon Kecamatan Pagedangan Tangerang-15331 GA GB;BKJ4
RQ0016;PT. SARI BURGER INDONESIA;BURGER KING;BURGER KING TAMBUN;TAMBUN;Jl Teuku Umar No15 Wanasari Cibitung Bekasi Jawa Barat-17520FSDT;BKJ7
RQ0016;PT. SARI BURGER INDONESIA;BURGER KING;BURGER KING CILEUNGSI METLAND;CILEUNGSI METLAND;Metland Transyogi Ruko PTM III No68 Jl Metland Cileungsi Kidul Cileungsi Bogor Jawa Barat 16820 FSDT;BKK0
RQ0016;PT. SARI BURGER INDONESIA;BURGER KING;BURGER KING GADING TERRACE;GADING TERRACE;Gading Terrace  Boelevard Jl.Raya Karang Satria Raya Bumi Anggrek Karang Satria Teras Bekasi Jawa Ba;BKK2
RQ0016;PT. SARI BURGER INDONESIA;BURGER KING;BURGER KING WEST SENTUL;WEST SENTUL;Jl Raya Bogor No4 Rt001 Rw04 Cimandaia Sukaraja Bogor-16710FSDT;BKK4
RQ0016;PT. SARI BURGER INDONESIA;BURGER KING;BURGER KING BOXIES 123;BOXIES 123;JL.Raya Tajur No.123 Kota Kec Bogor Tim Kota Bogor Jawa Barat 16141;BKL2
RQ0016;PT. SARI BURGER INDONESIA;BURGER KING;BURGER KING KALIDERES;KALIDERES;Jl. Peta Barat 3 Rt.06 Rw.01 Kalideres Jakarta Barat;BKL4
RQ0016;PT. SARI BURGER INDONESIA;BURGER KING;(in active) BURGER KING KARANG TENGAH;KARANG TENGAH;Jl Depan Halte Buyaran No65 Kondangpasar Karangsari Kec Karangtengah Kabupaten Demak Jawa Tengah;BKL5
RQ0016;PT. SARI BURGER INDONESIA;BURGER KING;BURGER KING KARANG TENGAH;KARANG TENGAH;Jl Raden Saleh No 1 Rt1/Rw05 Karang Mulya Kec Karang Tengah Kota Tangerang Banten 15157;BKL5
RQ0016;PT. SARI BURGER INDONESIA;BURGER KING;BURGER KING THE PARK SAWANGAN;THE PARK SAWANGAN;Jl Raya Cinangka No 38 Rt2/Rw4 Serua Kec Bojongsari Kota Depok Jawa Barat 16517 Lantai Ground;BKL6
RQ0016;PT. SARI BURGER INDONESIA;BURGER KING;BURGER KING SERANG;SERANG;P Diponegoro Rt/Rw000/00 Kel Kota Baru Kec Serang Serang-Banten FSDT;BKL8
RQ0016;PT. SARI BURGER INDONESIA;BURGER KING;BURGER KING CILANDAK KKO;CILANDAK KKO;JL.Cilandak KKO 7 Rt008 Rw05 Ragunan Pasar Minggu Jakarta Selatan;BKM0
RQ0016;PT. SARI BURGER INDONESIA;BURGER KING;BURGER KING  BOTANICAL;BOTANICAL;JL.Raya Joglo Blok N Kav 2 Rt/Rw 007/001  Kel Joglo Jakarta Barat 11640;BKM1
RQ0016;PT. SARI BURGER INDONESIA;BURGER KING;BURGER KING PURI BOTANICAL;PURI BOTANICAL;JL.Raya Joglo Blok N Kav 2  Rt/Rw  007/001 Kel Joglo Jakarta Barat-11640FSDT;BKM1
RQ0016;PT. SARI BURGER INDONESIA;BURGER KING;BURGER KING GATOT SUBROTO;GATOT SUBROTO;JL.Gatot Subroto No.5 Kelurahan Kroncong Kecamatan Jatiuwung Tangerang-15134FSDT;BKM6
RQ0016;PT. SARI BURGER INDONESIA;BURGER KING;BURGER KING BINTARO  EMERALD;BINTARO  EMERALD;Jl Boulevard Bintaro  Jaya  Kav S6/B1-06 Kel Perigi Kec Pondok Aren Tangerang Selatan Banten-15227;BKM8
RQ0016;PT. SARI BURGER INDONESIA;BURGER KING;BURGER KING GREEN SEDAYU;GREEN SEDAYU;Taman Palem Lestari Blok B13 No1 Kec Cengkareng Barat Kelurahan Cengkareng Jakarta 11730 GF28-29;BKN0
RQ0016;PT. SARI BURGER INDONESIA;BURGER KING;BURGER KING SAWANGAN;SAWANGAN;Jl. Meruyung Raya Pertigaan Parung Binggung No.48 Rt.01 Rw.10 Pancoran Mas Rangkapan Jaya Baru Depok;BKN1
RQ0016;PT. SARI BURGER INDONESIA;BURGER KING;BURGER KING PAMULANG;PAMULANG;Jl. Raya Pajajaran Blok Kav Rt.02 Rw.03 Kel Pamulang Barat Tangerang Selatan;BKN3
RQ0016;PT. SARI BURGER INDONESIA;BURGER KING;BURGER KING CINERE FSDT;CINERE FSDT;Jl. Cinere Raya Rt.04 Rw.14 Cinere Depok;BKN4
