CodeCustomer;collector
RC0077;Bibit,Ilyas
RS1867;Susilo
RS0489;Jefri
RC0094;Bayu
RS1918;Jefri
RC0036;Ilyas
RS1681;Susilo
RS0044;Amir
RS1000;Amir
RS2123;Amir
RC0073;Bibit,Irfan
RS1392;Amir
RS1679;Amir
RS2766;Amir
RS3000;Amir
RS2064;Bayu
RS1923;Bayu
RS0506;Amir
RC0071;Bayu
RC0064;Budi
RC0052;Bayu
RC0117;Fuad,Yohanes
RS1259;Amir
RS2434;Amir
RS2465;Affen
RS2910;Affen
RS2943;Amir
RS3099;FERRY
RS2801;Affen
RS1652;Tyo
RS1954;Tyo
RS1945;Irfan
RS2038;Yohanes
RS1084;Yohanes
RS2414;Susilo
RS0151;Yohanes
RS2535;Susilo
RC0038;Fuad
RS0262;Ferry
RS1557;BAYU
RS2169;Yanto
RS2464;Bayu
RS0788;Bayu
RS2244;Bayu
RS1336;Jhon
RS2173;Jhon
RS2601;Ridwan
RS1644;Yohanes
RC0089;Bibit
RS2883;Yanto
RS2885;Yanto
RS2865;Amir
RS1409;Ferry
RC0122;Amir
RS2843;Affen
RS0610;Irfan
RC0128;Jhon
RS1407;-
RS2213;-
RS2468;jhon
RS2204;Yanto
UM0848;Affen
RS2722;Bayu
RS2996;Bayu
RS2896;Ilyas
RS2611;Ferry
UM0344;Ferry
RS1936;Budi
RS2278;Jefri
RS2506;Fuad
RS2498;Imam
RS2765;Imam
RS2521;Imam
RS2332;Tyo
RS1882;Tyo
RC0088;Susilo,IMAM
RS2351;Jhon,Susilo
RS2488;Bibit
RS1514;Susilo
RS2180;Susilo
RS1274;Susilo
RS0672;Ilyas
RS0214;ilyas
RS2069;Bibit
RS2533;Bibit
RS1737;Yanto
RS1901;Amir
RS2446;Amir
RS1452;Jhon
RS2053;Jhon
RS1512;Jhon
RS1566;Jhon
RS3043;Jhon
RS2105;Jhon
RS0955;Susilo
RS0950;Ferry
RS2071;Susilo
RC0004;Yohanes
RS0241;Ridwan
RS2761;Ridwan
RS2821;Amir
RS2902;Amir
RC0002;Jhon
RC0145;Yohanes
RS2337;Bibit
RC0156;Bibit
RS0393;Jhon
UM0784;Susilo
UM0377;Jhon
RS2223;Susilo
RS2449;Bibit
RS2253;Jefri
UM0949;Bibit
RS1728;Jhon
RS0091;Ilyas
RS0721;Ilyas
RS1070;Amir
RS0707;Amir
RS2201;Amir
RS0558;Amir
RS2137;Amir
RS0441;Amir
RS2112;Amir
RS2384;Amir
RS2787;Amir
RS0992;Amir
RS1809;ilyas
RS0312;Bibit
RS2925;Bibit
RS2606;Affen
RS2569;Susilo
RS1237;Tyo
RC0037;Tyo
RC0091;Yanto
RS1453;Bibit
RS2215;Susilo
RC0105;Bayu
RC0074;Bayu
RS2675;Jhon
RS2811;-
RS2657;Amir,Ilyas
RS2840;Bayu
RS2764;Amir
RS2964;Amir
RS2723;Affen
RS2861;Susilo
RS0033;Tyo
RS2350;Ferry
RS1544;Imam
RS0035;Jhon
RS2517;Susilo
RC0113;Jefri
RS3110;Jefri
RS1716;Susilo
RS2154;Susilo
RS2369;Jhon
RS0705;Amir
RS2705;Amir
RS2095;Amir
RC0116;Affen,Amir
RS1678;Yanto
RS0592;Bibit
RS2346;Ilyas
RS1343;Ferry
RS2186;Bibit
RS2579;Bayu
RS2598;Bayu
RS2604;Bayu
RS2153;Susilo
RS1059;Susilo
RS2354;Jhon
RS0604;Amir
RS2243;Bibit
RS2333;Yohanes
RS2937;Susilo
RC0137;Yohanes
RS0363;Imam
RS2939;Irfan
RS3090;bibit
RS2897;Affen
RS0581;FERRY
RS3116;FERRY
RS1241;Ilyas
RS2067;Susilo
RS0713;Jefri
RS1331;Jefri
RS3041;Jefri
RS2024;Jefri
CT0085;-
DS0150;-
RQ0045;-
DS0190;-
UM0660;-
DS0202;-
CT0109;-
CT0178;-
DS0069;-
UM0447;-
MN0068;-
DS0255;-
MN0075;-
MN0022;-
MN0028;-
UM0409;-
DS0097;-
DS0146;-
MN0054;-
DS0154;-
DS0220;-
PS1132;-
DS0145;-
CT0008;YANTO
CT0086;BIBIT
MN0057;IMAM
CT0014;ILYAS
DS0086;JHON
MN0019;YANTO
RQ0023;SUSILO
RQ0063;RIDWAN
RQ0029;TYO
MN0053;YANTO
MN0021;YOHANES
RQ0002;BAYU
MN0016;BIBIT
CT0175;YANTO
RQ0046;BAYU
RQ0036;SUSILO
UM0173;SUSILO
MN0076;IRFAN
RQ0007;YANTO
RS0876;YANTO
CT0149;ILYAS
DS0100;YOHANES
MN0014;YANTO
RQ0024;IRFAN
RQ0025;IRFAN
RQ0026;IRFAN
RQ0048;IRFAN
RQ0055;IRFAN
RQ0056;IRFAN
RQ0065;IRFAN
RQ0052;IRFAN
RS2756;IRFAN
CT0169;SUSILO
CT0150;BUDI
DS0240;AFFEN
CT0039;ILYAS
CT0038;ILYAS
CT0145;JEFRI
UM0269;ILYAS
RQ0001;YANTO
CT0042;YANTO
RQ0030;JEFRI
RQ0066;JEFRI
MN0070;NOCOLLECTOR
DS0054;YOHANES
SM0095;YANTO
SM0020;SUSILO
SM0071;IRFAN
SM0065;JEFRI
SM0113;AFFEN
SM0140;IRFAN
SM0151;BAYU
SM0077;FUAD
SM0089;FUAD
SM0070;RIDWAN
SM0022;BAYU
SM0023;BAYU
SM0009;FERRY
RS0445;RIDWAN
SM0203;FERRY
SM0120;YANTO
SM0018;YANTO
SM0178;RIDWAN
SM0146;BUDI
SM0163;BUDI
SM0195;BUDI
SM0152;YANTO
SM0174;IMAM
SM0058;ILYAS
SM0168;NOCOLLECTOR
SM0188;NOCOLLECTOR
OT0140;NOCOLLECTOR
SM0200;NOCOLLECTOR
SM0187;NOCOLLECTOR
SM0196;NOCOLLECTOR
DS0289;NOCOLLECTOR
EC0040;NOCOLLECTOR
EC0001;NOCOLLECTOR
EC0031;Susilo
RS0710;NOCOLLECTOR
EC0011;NOCOLLECTOR
EC0015;NOCOLLECTOR
EC0014;NOCOLLECTOR
EC0016;NOCOLLECTOR
PS0703;NOCOLLECTOR
SM0142;Yanto
SM0093;Yanto
SM0062;Jefri
SM0010;Yohanes
SM0016;Imam
SM0032;Affen
SM0193;Ridwan
SM0162;Jhon
SM0155;EKSPEDISI
SM0205;Tyo
SM0167;Jeffry
SM0206;Jeffry
OT0037;Jeffry
SM0209;Susilo
SM0117;TYO
SM0199;Irfan
SM0198;EKXPEDISI
SM0027;B2B
SM0172;B2B
SM0149;Jhon
SM0050;B2B&Jhon
SM0051;B2B
OT0146;Susilo
RQ0012;SUSILO
RQ0051;SUSILO
PS0488;NOCOLLECTOR
CT0048;Yanto
CT0130;IRFAN
CT0106;JHON
CT0132;JHON
CT0045;YANTO
RQ0022;JEFFRY
CT0035;JHON
CT0195;JHON
MN0030;IMAM
CT0123;Yanto
MN0044;ILYAS
RQ0059;ILIYAS
DS0092;BIBIT
MN0031;BIBIT
MN0005;ILYAS
MN0007;RIDWAN
RQ0035;POS
RQ0058;POS
RQ0016;IMAM
RQ0067;Imam
MN0064;JEFFRY
MN0001;AFFEN
DS0265;FUAD
MN0002;IMAM
CT0128;YOHANES
MN0077;BAYU
DS0226;YOHANES
DS0160;AMIR
CT0185;AMIR
CT0126;AMIR
CT0152;AMIR
DS0164;NOCOLLECTOR
DS0178;AMIR
DS0149;TYO
RQ0064;AMIR
DS0204;SUSILO
DS0183;BIBIT
DS0144;AMIR
DS0235;POS
RQ0037;BAYU
RS0503;AFFEN
RS1509;YOHANES
RS1525;NOCOLLECTOR
RS2257;SUSILO
RS0246;NOCOLLECTOR
RS0656;KIRIMPOS
RS0656;NOCOLLECTOR
RS1937;NOCOLLECTOR
RS2104;NOCOLLECTOR
RS2101;NOCOLLECTOR
RS0570;KIRIMPOS
RS0956;NOCOLLECTOR
RS1561;NOCOLLECTOR
MN0024;NOCOLLECTOR
DS0282;NOCOLLECTOR
RS0746;NOCOLLECTOR
RS1832;NOCOLLECTOR
RS2044;NOCOLLECTOR
RS1571;NOCOLLECTOR
UM0200;Jefri
RQ0050;Affen
DS0167;Fuad
RQ0006;Imam
UM0969;Yohanes
CT0154;Bayu
RQ0038;NOCOLLECTOR
UM0225;Amir
RQ0020;Amir
RQ0044;Amir
RQ0047;Amir
RS0739;Amir
RQ0034;Amir
RQ0017;Tyo
RS2782;Amir
DS0252;Susilo
DS0139;Bibit
CT0111;Amir
MN0004;BIBIT
MN0082;Bayu
RQ0010;Affen
CT0147;Yohanes
MN0072;NOCOLLECTOR
DS0253;Susilo
SM0167;Jeffry
SM0115;Tyo,Ilyas,Fuad
SM0150;Yanto
SM0173;Bibit
SM0133;Ridwan
SM0176;Bibit
SM0091;FUAD
SM0134;Susilo
SM0139;Jhon
SM0202;Bayu
SM0141;Budi
SM0204;Yohanes
SM0072;Bayu&Ilyas
SM0184;Budi
SM0114;Bibit
SM0179;Susilo
SM0056;Amir
SM0214;Whatsapp
SM0030;B2B
SM0031;B2B
SM0111;Email
SM0015;Jeffry
SM0011;B2B
SM0053;B2B
UM0150;Email
RS2969;Ilyas
RS0175;Imam
RS1769;Imam
RS0556;Imam
RS2259;Jhon
RS2274;Yanto
RS1920;Irfan
RS2461;Bayu
RS2217;Bayu
RS2520;Bayu
RS1780;Susilo
RS1493;Affen
RS2089;Irfan
RS0501;Irfan
RS1704;Irfan
RS0985;Yanto
RS2530;Jhon
RS0698;Jefri
RS0970;Tyo
RS1044;Susilo
RS2471;Susilo
RS2255;Bayu
RS0226;Bayu
RS1056;Bayu
RS0196;JHON
RS1323;JEFRY
RS1428;JHON
RS1844;JHON
RS1881;JHON
RS0161;Imam
RS0369;Irfan
RS2567;Irfan
RS1883;Ridwan
RS2618;Irfan
RS0613;Yohanes
RS2187;Ferry
RS0913;Tyo
RS2412;Bibit
RS0657;Jefri
RS2703;Ridwan
RS2605;Affen
RS2804;Irfan
RS1005;Susilo
RS0103;Fuad
RS1665;Susilo
RS1630;FUAD
RS2324;PAYANTO
RS0465;Imam
RS1904;Imam
RS1513;JHON
RS2209;Jefry
RS1516;Bibit
RS0626;Bayu
RS0073;Yanto
RS0040;Yanto
RS1959;JHON
RS0818;AFFEN
PS0869;Imam
PS0352;Budi
UM0226;Irfan
PS0115;Fuad
UM0251;Fuad
PS0942;Fuad
PS1101;Bayu
RS2864;Amir
PS0974;Ilyas
OT0161;Amir
PS0209;Fuad
PS0123;Irfan
PS0115;Fuad
PS0615;Ilyas
RS1655;Jefri
UM0337;Ridwan
PS0023;Jhon
PS0369;Susilo
PS0989;Bayu
PS0974;Yohanes
CT0108;Yohanes
RS2891;Yanto
RS2876;Yanto
PS0908;Ferry
RS3093;Ridwan
UM0255;Irfan
PS0156;Ilyas
PS1080;Susilo
PS0846;Bibit
RS2814;Ilyas
RS2728;Bibit
PS1127;Ridwan
PS0381;Irfan
PS1142;Ferry
PS1147;Bayu
PS1150;Ferry
PS1154;Ferry
CT0064;Yanto
PS1160;Yanto
PS0239;Amir
PS0906;Amir
PS0322;Bayu
PS0888;Yanto
PS0194;Affen
PS0315;Susilo
PS0180;Bibit
PS0171;Yanto
PS0410;Ridwan
PS0169;Ridwan
RS2156;Ridwan
PS1122;Ilyas
RS2936;Irfan
RS2892;Bibit
PS0938;Susilo
PS0458;Bayu
RS2797;Susilo
PS0431;Bayu
UM0262;Yohanes
CT0201;Ilyas
DS0261;Yohanes
PS0278;Yanto
PS0398;Jhon
PS0474;NOCOLLECTOR
PS0210;NOCOLLECTOR
PS1012;NOCOLLECTOR
PS0238;NOCOLLECTOR
PS0505;NOCOLLECTOR
PS0655;NOCOLLECTOR
PS0588;NOCOLLECTOR
PS0135;NOCOLLECTOR
PS0574;NOCOLLECTOR
PS0567;NOCOLLECTOR
UM0258;NOCOLLECTOR
RS2775;NOCOLLECTOR
PS0589;NOCOLLECTOR
PS0268;NOCOLLECTOR
PS0390;NOCOLLECTOR
PS0419;NOCOLLECTOR
PS0170;NOCOLLECTOR
UM0369;NOCOLLECTOR
PS0337;NOCOLLECTOR
RS2772;NOCOLLECTOR
PS0225;NOCOLLECTOR
PS1022;NOCOLLECTOR
PS0260;NOCOLLECTOR
UM0753;NOCOLLECTOR
PS0256;NOCOLLECTOR
PS0160;NOCOLLECTOR
PS0697;NOCOLLECTOR
RS2685;NOCOLLECTOR
PS0500;NOCOLLECTOR
PS0808;NOCOLLECTOR
PS0772;NOCOLLECTOR
PS0837;NOCOLLECTOR
PS0231;NOCOLLECTOR
PS0261;NOCOLLECTOR
PS0218;NOCOLLECTOR
RC0124;NOCOLLECTOR
PS0820;NOCOLLECTOR
RS0221;NOCOLLECTOR
RS2953;NOCOLLECTOR
RC0063;NOCOLLECTOR
RS2995;NOCOLLECTOR
PS0476;NOCOLLECTOR
RS3011;NOCOLLECTOR
PS0902;NOCOLLECTOR
PS0543;NOCOLLECTOR
PS0404;NOCOLLECTOR
RS3074;NOCOLLECTOR
RS3102;NOCOLLECTOR
RS1837;Affen
RS1536;Bayu
RS2287;Susilo
RS0428;Susilo
RS1121;Susilo
RS2789;Susilo
RS2248;Yohanes
RS1471;Susilo
RS0579;Affen
RS2551;Susilo
RS2497;Susilo
RS3040;Susilo
RS2310;Susilo
RS2303;Susilo
RS2428;Susilo
RS3050;Susilo
RS1390;Susilo
RS1350;Susilo
RS1521;Bibit
CT0037;Bibit
RS2301;Tyo
RS2271;Jhon
RS1226;Ilyas
CT0182;NOCOLLECTOR
RS2363;Ilyas
RS2330;Irfan
RS2463;NOCOLLECTOR
RS1860;Jhon
RS1401;Susilo
RS1980;Jhon
RS1643;Ilyas
RS2381;Ilyas
RS1753;Irfan
RS2261;Imam
RS1726;Amir
RS1771;Jhon
RS1186;Jhon
RS0826;Jefri
RS1377;Susilo
RS1825;Budi
RS0460;Tyo
RS0935;Imam
RS1576;Yanto
RS0065;Jhon
RS1384;Jhon
RS2322;Yohanes
RS2230;Ilyas
PS0784;BAYU
PS0257;FUAD
PS0054;NoCollector
PS0985;BAYU
PS0235;Tyo
PS0189;NoCollector
PS0639;BAYU
PS0909;ILYAS
RS3125;Jefri
PS1039;ILYAS
PS0190;Yohanes
RS2754;AMIR
PS0254;YANTO
RS2880;NOCOLLECTOR
PS0385;Yanto
PS0302;FUAD
PS0371;JHON
PS0349;JEFRI
PS0662;Imam
UM0256;ILYAS
PS0671;AMIR
CT0139;FERRY
PS1166;Ridwan
RS2874;Jefri
RS3010;JEFRI
RC0133;Yohanes
PS0308;YOHANES
CT0013;BIBIT
MN0006;SUSILO
PS0358;FUAD
PS0284;YOHANES
PS0606;BIBIT
PS0985;NOCOLLECTOR
PS0165;JEFRI
PS0163;JEFRI
PS0307;YANTO
PS0062;ILYAS
PS0088;NOCOLLECTOR
PS0413;NOCOLLECTOR
UM0767;NOCOLLECTOR
PS0832;FERRY
PS0061;FERRY
PS1146;Tyo
PS0602;BIBIT
PS0932;YOHANES
PS0566;SUSILO
PS0282;ILYAS
PS0052;JHON
PS0571;YOHANES
RS1182;BAYU
DS0243;BIBIT
CT0196;BIBIT
RC0134;Jefri
PS0124;Ridwan
PS0207;Tyo
PS0768;BAYU
PS1128;NOCOLLECTOR
PS0468;BAYU
CT0087;ILYAS
PS0972;AMIR
PS0427;Bayu
PS0070;JHON
UM0234;FUAD
CT0025;NOCOLLECTOR
PS0799;JHON
RS2682;AMIR
UM0069;YOHANES
PS0631;NOCOLLECTOR
PS0401;NOCOLLECTOR
DS0260;NOCOLLECTOR
PS0181;NOCOLLECTOR
CT0206;NOCOLLECTOR
PS0309;NOCOLLECTOR
UM0329;NOCOLLECTOR
PS0889;NOCOLLECTOR
PS0181;NOCOLLECTOR
PS0531;NOCOLLECTOR
PS0591;NOCOLLECTOR
RS2842;NOCOLLECTOR
PS0664;NOCOLLECTOR
PS0629;NOCOLLECTOR
PS0051;NOCOLLECTOR
PS1133;NOCOLLECTOR
PS0730;NOCOLLECTOR
PS0375;NOCOLLECTOR
PS0710;NOCOLLECTOR
PS0575;NOCOLLECTOR
PS0311;NOCOLLECTOR
PS0255;NOCOLLECTOR
UM0339;NOCOLLECTOR
PS0037;NOCOLLECTOR
PS0535;NOCOLLECTOR
PS0791;NOCOLLECTOR
PS0523;NOCOLLECTOR
PS0073;NOCOLLECTOR
PS0608;NOCOLLECTOR
PS0654;NOCOLLECTOR
PS0245;NOCOLLECTOR
PS0125;NOCOLLECTOR
PS0843;NOCOLLECTOR
PS0887;NOCOLLECTOR
PS0467;NOCOLLECTOR
PS0714;NOCOLLECTOR
PS0335;NOCOLLECTOR
PS0383;NOCOLLECTOR
PS0521;NOCOLLECTOR
RS2986;NOCOLLECTOR
PS0347;NOCOLLECTOR
PS0894;NOCOLLECTOR
PS0652;NOCOLLECTOR
RS2745;NOCOLLECTOR
PS0544;NOCOLLECTOR
PS1058;NOCOLLECTOR
DS0219;NOCOLLECTOR
PS0854;NOCOLLECTOR
RS2172;NOCOLLECTOR
HT0185;Bayu
HT0258;Jefry
HT0222;Jhon
HT0255;Yohanes
HT0058;Bibit
HT0046;Jefri
HT0022;Jhon
HT0234;Susilo
HT0251;Ilyas
HT0270;Ridwan
HT0190;Jefri
HT0284;Ilyas
HT0295;Yohanes
HT0274;-
HT0329;RIDWAN
HT0277;Ridwan
HT0162;Jhon
RS1591;Fuad
HT0351;Bibit
HT0349;Fuad
HT0278;Susilo
HT0070;Ferry
HT0018;Ferry
HT0273;Tyo
HT0026;Ferry
HT0272;Affen
HT0316;Jefri
HT0203;Susilo
HT0327;JHON
RS1003;Fuad
HT0006;Fuad
HT0297;YOHANES
HT0102;Jefri
HT0352;Ferry
HT0068;Jefri
HT0097;TYO
HT0045;Fuad
HT0205;Fuad
HT0291;Pos
HT0124;Jefri
HT0156;Yanto
HT0114;Ferry
HT0193;-
HT0031;-
RS0481;Bibit
HT0065;Affen
HT0332;Fuad
HT0323;-
HT0290;Amir
HT0276;IRFAN
HT0048;IRFAN
HT0305;IRFAN
HT0021;Budi
HT0083;Fuad
HT0343;Irfan
HT0144;-
HT0346;Amir
HT0279;Irfan
HT0016;Irfan
HT0187;Irfan
HT0194;Fuad
HT0062;IMAM
HT0061;IRFAN
HT0301;YOHANES
HT0056;Jefri
HT0027;Irfan
HT0113;Jhon
HT0075;-
HT0168;Budi
HT0169;Budi
HT0167;Bibit
HT0353;Bayu
RS1128;Imam
HT0091;POS
HT0158;POS
HT0184;POS
HT0259;POS
HT0312;POS
HT0321;POS
HT0334;POS
HT0348;POS
HT0103;Jhon
HT0201;-
HT0241;-
HT0067;-
HT0073;-
HT0119;-
UM0191;-
HT0128;EMAIL
HT0261;Pos
HT0001;NOCOLLECTOR
HT0003;NOCOLLECTOR
HT0008;NOCOLLECTOR
HT0017;NOCOLLECTOR
HT0023;NOCOLLECTOR
HT0030;NOCOLLECTOR
HT0037;NOCOLLECTOR
HT0038;NOCOLLECTOR
HT0039;NOCOLLECTOR
HT0040;NOCOLLECTOR
HT0041;NOCOLLECTOR
HT0043;NOCOLLECTOR
HT0047;NOCOLLECTOR
HT0052;NOCOLLECTOR
HT0063;NOCOLLECTOR
HT0069;NOCOLLECTOR
HT0076;NOCOLLECTOR
HT0078;NOCOLLECTOR
HT0079;NOCOLLECTOR
HT0082;NOCOLLECTOR
HT0087;NOCOLLECTOR
HT0088;NOCOLLECTOR
HT0098;NOCOLLECTOR
HT0101;NOCOLLECTOR
HT0106;NOCOLLECTOR
HT0107;NOCOLLECTOR
HT0108;NOCOLLECTOR
HT0110;NOCOLLECTOR
HT0111;NOCOLLECTOR
HT0115;NOCOLLECTOR
HT0120;NOCOLLECTOR
HT0129;NOCOLLECTOR
HT0131;NOCOLLECTOR
HT0132;NOCOLLECTOR
HT0133;NOCOLLECTOR
HT0137;NOCOLLECTOR
HT0141;NOCOLLECTOR
HT0146;NOCOLLECTOR
HT0147;NOCOLLECTOR
HT0148;NOCOLLECTOR
HT0159;NOCOLLECTOR
HT0160;NOCOLLECTOR
HT0164;NOCOLLECTOR
HT0174;NOCOLLECTOR
HT0176;NOCOLLECTOR
HT0179;NOCOLLECTOR
HT0182;NOCOLLECTOR
HT0183;NOCOLLECTOR
HT0188;NOCOLLECTOR
HT0191;NOCOLLECTOR
HT0192;NOCOLLECTOR
HT0197;NOCOLLECTOR
HT0208;NOCOLLECTOR
HT0209;NOCOLLECTOR
HT0212;NOCOLLECTOR
HT0216;NOCOLLECTOR
HT0223;NOCOLLECTOR
HT0225;NOCOLLECTOR
HT0236;NOCOLLECTOR
HT0242;NOCOLLECTOR
HT0244;NOCOLLECTOR
HT0246;NOCOLLECTOR
HT0257;NOCOLLECTOR
HT0262;NOCOLLECTOR
HT0268;NOCOLLECTOR
HT0271;NOCOLLECTOR
HT0281;NOCOLLECTOR
HT0292;NOCOLLECTOR
HT0293;NOCOLLECTOR
HT0304;NOCOLLECTOR
HT0308;NOCOLLECTOR
HT0325;NOCOLLECTOR
HT0317;NOCOLLECTOR
HT0319;NOCOLLECTOR
HT0320;NOCOLLECTOR
HT0322;NOCOLLECTOR
HT0324;NOCOLLECTOR
HT0326;NOCOLLECTOR
HT0328;NOCOLLECTOR
HT0330;NOCOLLECTOR
HT0335;NOCOLLECTOR
HT0337;NOCOLLECTOR
HT0338;NOCOLLECTOR
HT0339;NOCOLLECTOR
HT0340;NOCOLLECTOR
HT0342;NOCOLLECTOR
HT0344;NOCOLLECTOR
HT0347;NOCOLLECTOR
HT0354;NOCOLLECTOR
HT0356;NOCOLLECTOR
RS0508;NOCOLLECTOR
RS0731;NOCOLLECTOR
HT0116;NOCOLLECTOR
HT0358;NOCOLLECTOR
RS2368;Susilo
RS1940;Affen
RS0412;jefri
RS2224;bayu
RS0496;susilo
UM0396;jhon
RS2185;Affen
RS1175;jefri
RS0587;tyo
RS2017;jefri
RS2344;Bibit
RS2500;Affen
RS2592;Affen
RS2296;Susilo
RS2614;Ilyas
RS2697;Susilo
RS2228;jefri
RS2927;Yohanes
RS2759;Ferry
RS2021;Amir
RS2866;IMAM
RS1451;Amir
RC0107;Amir
RS2637;Ferry
RS2591;Irfan
RS2998;NOCOLLECTOR
OT0112;Bayu
RS0320;Imam
RS1233;Imam
RS0953;Jhon
RS0401;Imam
RS2256;Amir
RS1245;Ilyas
RS1235;Bibit
RS0325;Affen
RS1050;Affen
RS1998;Ilyas
RS3107;Ilyas
RC0032;Affen
RS2152;Ilyas
RS0901;Ilyas
RS2245;Bibit
RS1196;ILYAS
RS2058;Amir
RS1330;Ilyas
RS0625;Yanto
RS1994;Yanto
RS0274;Affen
RS2568;Susilo
RS2566;Yanto
RS1264;Jefri
RS2757;Fuad
RS2607;Yanto
RS1577;Ilyas
RS2242;Bibit
RS0287;Susilo
RS2492;bayu
RS1691;Jhon
RS2232;Jhon
RS2317;Affen
RS2809;Yanto
RS2875;Jhon
RS2194;Bayu
RS0505;Bayu
RS0504;Bayu
RS2915;Susilo
RS2940;yanto
RS2958;Jhon
RS2972;Yanto
RS3063;Jhon
RS1942;Irfan
RS0218;jefri
RS2270;imam
RS0983;jefri
RS1010;jefri
RS1848;Tyo
RS1944;Jhon
RS1028;Jefri
RS1990;Susilo
RS0621;Ferry
RS1715;Ferry
RS2293;Jhon
RS2725;Jhon
RS3034;Jhon
RS2294;Jhon
RS2111;Ferry
RS2633;Ferry
RS0081;Ferry
RS0193;Affen
RS1278;Amir
RS1479;Amir
RS1515;AFFEN,YANTO
RS1524;Jefri
RS1997;Budi
RS2903;Affen
RS0655;yohanes
RS1276;Bayu
RS2578;Amir
RS2574;Affen
RS2562;Affen
RS2735;Jhon
RS1370;Susilo
RS1554;Susilo
RS2833;Irfan
RS2831;Irfan
RS2844;Affen
RS1806;Affen
RS2846;Ferry
RS2909;Yohanes
RS2894;Fuad
RS3071;Irfan
RS2963;susilo
RS2930;Imam
RS3008;irfan
RS2979;Imam
RS1942;Affen
RS0267;Tyo
RS1891;Affen
RS1673;Budi
RS1389;Jhon
RS1623;Jhon
RS2157;Jhon
RS2743;Affen
RS0566;Affen
RS1649;Yanto
RS0515;Affen
RS0764;Bayu
RS1967;Affen
RS2652;Susilo
RS1620;Ridwan
RS2236;Bayu
RS2676;Susilo
RS2252;BiBit
RS3030;Amir
RC0099;Budi
RS2825;Jhon
RS2563;Amir
RS1324;Susilo
RS1640;Ridwan
RS1120;Tyo
UM0186;Jefri
RS0039;Jhon
RS2677;Susilo
RS2699;Affen
RS1985;Affen
RS1480;Affen
RS1697;Irfan
RS2778;Susilo
RS1495;Ferry,Irfan
RS0245;irfan
RS0236;Amir
RS0237;Amir
RS1445;Ferry
RS2035;Fuad
RS1214;Ferry,Irfan
RS2711;Tyo
RS1145;Imam
RS0388;Imam
RS0938;Ferry,Irfan
RS1669;Affen
RS1166;ilyas
RS0129;Susilo
RS1797;Susilo
RS1041;Jhon
RS0201;Irfan
RS0209;Bibit
RS2710;Bayu
RS0744;Affen
RS0843;Imam
RS0925;Yanto
RS1139;FUAD,BUDI
RS1247;Fuad
RS1518;Amir
RS1819;Bayu
RS1932;Yanto
RS2122;Ferry
RS2212;Bayu
RS2478;Ferry
RS1859;Bibit
RS1907;Bibit,Ilyas
RS2706;Ferry
RS2852;Jhon
RS2957;Imam
RS2992;ridwan
RS0173;Jhon
RS2921;Amir
RS3019;BOGOR
RS0994;JHON
RS0231;BAYU
RS0392;BAYU
RS0483;Yanto
RS0539;Tyo
RS1135;Irfan
RS1183;Irfan
RS1367;Tyo
RS2280;Tyo
RS1722;Jhon
RS1857;Yanto
RS1880;Ilyas
RS1987;Bayu
RS1999;Yohanes
RS2087;Ilyas
RS2179;Fuad
RS2300;Ilyas
RS2323;Susilo
RS2419;Yohanes
RS2489;IMAM
RS2495;ilyas
RS2502;amir
RS2571;Bayu
RS2608;affen
RS2609;bayu
UM0790;Tyo
RS1615;Irfan
RS2669;Imam
RS1894;Jefri
RS2376;Yanto
RS2575;Yanto
RS2810;Bayu
RS2494;Bayu
RS1614;Bayu
RS2905;Jhon
RS2938;Susilo
RS1913;yanto
RS2948;Irfan
RS2702;Yanto
RS3006;Fuad
RS1450;ILYAS
RC0048;Tyo
RS3018;Tyo
RC0157;BAYU
RS3065;YANTO
RS3070;YANTO
RS3035;Amir
RS3094;Ilyas
RC0162;FERRY
RS0305;Irfan
RS2011;Bibit
RS0771;Susilo
RS0919;Affen
RS1095;Amir
RS1307;Ferry
RS1631;Yohanes
RS1657;Irfan
RS1762;Affen
RS1839;Jhon
RS1865;Jefri
RS1955;Ferry
RS2028;Susilo
RS2334;Bayu
RS2447;Jefri
UM0672;Susilo
RS2432;Bibit
RS1016;Ilyas
RS1542;Susilo
RS1991;Amir
RS0521;Irfan
RS0486;Affen
RS2734;Affen
RS0549;Irfan
PS1117;Ferry
RS2853;Irfan
RS2034;-
RS2786;-
RS2068;Affen
RS0645;Ridwan
RS2947;Amir
RS0255;Ferry
RS2989;Jhon
RS2994;Amir
RS2997;YOHANES
RS1806;AFFEN
RS2844;AFFEN
RS3111;AFFEN
RS3109;BIBIT
RS0283;Fuad
RS0599;Tyo
RS0961;Jhon
RS1053;Bibit
RS1191;Ferry
RS1246;Susilo
RS2198;-
RS1599;Yohanes
RS2096;POS
RS2184;BOGOR
RS2315;Bibit
RS2448;Affen
RS2565;-
RS2610;Affen
RS2613;Affen
RS2620;Susilo
RS2966;Amir
OT0011;Fuad
UM0639;Bibit
RS2603;Bayu
RS0635;Irfan
RS0541;Bibit
RS2749;Jhon
UM0747;Ilyas
RS2819;Bayu
RS2845;Ridwan
RS1334;Bayu
RS1642;Irfan
RS2281;Jhon
RS1021;Jefri
RS2881;Affen
RS2933;Bibit
RS0239;Affen
RS3023;Affen
RS3122;Bayu
RS0727;Yanto/Amir
RS1187;Irfan
RS1417;Jhon
RS1933;Susilo
RS2009;Bibit
RS2080;Affen
RS2008;Bibit
RS2106;Bibit
UM0001;Amir
RS2118;Amir
RS2737;SUSILO
RS2450;ilyas
RS2913;YOHANES
RS1854;YOHANES
RS2929;SUSILO
RS1526;ILYAS
RS0222;BIBIT
RS3048;SUSILO
RS2824;BAYU
RS3057;bibit
RS2095;BIBIT
RS0733;ILYAS
RS2916;-
RS0315;IRFAN
RS0908;IRFAN
RS1231;IRFAN
RS1029;IMAM
RS1484;IMAM
RS2033;IMAM
RS1573;IMAM
RS2233;NOCOLLECTOR
RS0686;Affen
DS0293;NOCOLLECTOR
DS0067;Budi
DS0199;Budi
DS0264;Budi
DS0241;Budi
DS0233;Budi
UM0073;Yohanes
DS0141;Budi
UM0449;Budi
UM0414;Yanto
UM0205;NOCOLLECTOR
UM0228;NOCOLLECTOR
DS0292;Yohanes
UM0214;NOCOLLECTOR
UM0064;Ferry
DS0151;Amir
DS0130;Tyo
DS0256;Jhon
UM0388;Jhon
DS0128;Bayu
DS0238;Bayu
DS0286;Bayu
UM0304;Fuad
DS0103;Affen
RS2941;NOCOLLECTOR
RC0095;NOCOLLECTOR
UM0735;NOCOLLECTOR
RS2729;NOCOLLECTOR