CardCode;CardName;Notes
RC0077;PT CARMELOVA ANUGERAH INDONESIA;Weekly - Senin
RS1867;PT DAMAI BERKAT BERSAUDARA;Weekly - Senin
RS0489;PT OOTOYA INDONESIA;Weekly - Senin
RC0094;PT FARINO LESTARI WIDODO;Weekly - Senin
RS1918;PT PAWON SENTRA TAMA;Weekly - Senin
RC0036;PT KANAKA LADANG ENERGI;Weekly - Senin
RS1681;STEPHANIE;Weekly - Senin
RS0044;CV DALLAS SENAYAN;Weekly - Senin
RS1000;PT GEMAFOOD MASPRIMA;Weekly - Senin
RS2123;PT GRAM INDONESIA;Weekly - Senin
RC0073;CV TRI MITRA UTAMA;Weekly - Senin 
RS1392;PT JAVANEGRA GASTRONOMICA SEJAHTERA;Weekly - Senin
RS1679;PT DAPUR SELERA KITA;Weekly - Senin
RS2766;PT SELERA PANGAN HARUM;Weekly - Senin
RS3000;PT RAAP GASTRONOMICA ANUGERAH;Weekly - Senin
RS2064;WILLIAM TANUWIDJAYA;Weekly - Senin
RS1923;AAN SUJANA;Weekly - Senin
RS0506;PENNY ROOS;Weekly - Senin
RC0071;PT AIR MURNI SORAK ASRI LESTARI;Weekly - Senin
RC0064;PT TJANDRA MIFTAH RAHARJA;Weekly - Senin
RC0052;CV ARYA SEJAHTERA;Weekly - Senin
RC0117;CV ABIPRAYA SHELLINDO ANTARPRADANA;Weekly - Senin
RS1259;PT SHISHA INTERNASIONAL;Weekly - Senin
RS2434;PT RYOURI KARYA FUTAGO;Weekly - Senin
RS2465;PT YAOMBE BANYU LESTARI;Weekly  - Senin
RS2910;PT SUKHA SELARAS LESTARI;Weekly  - Senin
RS2943;PT AKAR INDAH PRATAMA;Weekly - Senin
RS3099;PT PERSEMAKMURAN;Weekly  - Senin
UM0344;PT INDONESIA INTERNATIONAL EXPO;Weekly  - Senin
RS1652;PT TORAJA KOPI INTERNASIONAL;Weekly - Selasa
RS1954;PT KONSEP HASIL INDONESIA;Weekly - Selasa
RS1945;PT TITIAN AGUNG SEJAHTERA;Weekly - Selasa
RS2038;PT SUNTER JAYA ABADI;Weekly - Selasa
RS1084;CV SUKSES BERSAMA;Weekly - Selasa
RS2414;PT PROVENCE INDONESIA;Weekly - Selasa
RS0151;PT NEXEN INTI PRATAMA;Weekly - Selasa
RS2535;CV SELERA SEHATI BERSAMA;Weekly - Selasa
RC0038;PT BAPARAPI BOGA PERKASA;Weekly - Selasa
RS0262;PT CITRA RASA BETAWI;Weekly - Selasa
RS1557;PT DARWAZA UTAMA;Weekly - Selasa
RS2169;PT LANGGENG MULTIRASA SUKSES;Weekly - Selasa
RS2464;PT BIRUANG ESA GRATIA;Weekly - Selasa
RS0788;PT GELIMANG ARTAMAS;Weekly - Selasa
RS2244;PT TITIK TEMU INDONESIA;Weekly - Selasa
RS1336;PT NIAGA DUTA PRADANA;Weekly - Selasa
RS2173;CV SOBA-SOBA;Weekly - Selasa
RS2601;PT CHAPIT KARYA INDONESIA;Weekly - Selasa
RS1644;MARIA CHRISTIANE;Weekly - Selasa
RC0089;PT GIGA MEIDI SENTOSA;Weekly - Selasa
RS2883;PT PISON RESTOKOPI PRIMA;Weekly - Selasa
RS2885;PT PISON ANUGERAH PRIMA;Weekly - Selasa
RS2865;PT MIKE PIZZA ASIA;Weekly - Selasa
RS1409;PT BREW INDONESIA;Weekly - Selasa
RC0122;CV MARGO ENERGI SENTOSA;Weekly - Selasa
RS2843;PT SHABU MITRA SUKSES;Weekly - Selasa
RS0610;PT ALCOR BOGA INDONESIA;Weekly - Selasa
RC0128;CV LENTERA ABADI NUSANTARA;Weekly - Selasa
RS1407;PT HONU GRUP NUI;Weekly - Selasa
RS2213;PT RUTSU NUT KEMANG;Weekly - Selasa
RS2204;PT GLOBAL RASAMAS INDONESIA;Weekly - Selasa
UM0848;PT INTI PANGAN PERKASA;Weekly - Selasa
RS2722;PT PRIMABOGA SUKSES MAKMUR;Weekly - Selasa
RS2996;PT BELINESIA;Weekly - Selasa
RS2896;PT BANGUN PUNDI SEJAHTERA;Weekly - Rabu
RS2468;PT SENDOK GARPU INTERNASIONAL;Weekly - Rabu
RS2611;CV TRIVIA OKTANA MANDIRI;Weekly - Rabu
RS1936;PT PRIMA JAYA SUKSES;Weekly - Rabu
RS2278;PT CIPTA UNDARA BAHARI;Weekly - Rabu
RS2506;PT MEGAH SUKSES GEMILANG;Weekly - Rabu
RS2498;PT MDA ABS KUNINGAN;Weekly - Rabu
RS2765;PT MDA WABISABI KUNINGAN;Weekly - Rabu
RS2521;PT KARBON KULINER INDONESIA;Weekly - Rabu
RS2332;PD BAGYA SEMPULUR;Weekly - Rabu
RS1882;PT AKAR TERA BOGA;Weekly - Rabu
RC0088;PT BERKAH SELAMANYA ENERGI;Weekly - Rabu
RS2351;CV MITRA SUMBER SENTOSA;Weekly - Rabu
RS2488;PT JACOB THIRTA HUTAMA;Weekly - Rabu
RS1514;AMYREA ART AND KITCHEN;Weekly - Rabu
RS2180;PT KULINER BERSAMA SUKSES;Weekly - Rabu
RS1274;PT PORTINDO MITRA ABADI;Weekly - Rabu
RS0672;PT BOGARASA DELISINDO;Weekly - Rabu
RS0214;PT BEER GARDEN INDONESIA;Weekly - Rabu
RS2069;EDWIN HUTAMA PUTRA;Weekly - Rabu
RS2533;PT TITIK TEMU CIPETE;Weekly - Rabu
RS1737;HERBERT TANUDJAYA;Weekly - Rabu
RS1901;PT NITRO MAKMUR JAYA MANDIRI;Weekly - Rabu
RS2446;PT SATRIA EMPAT PILAR;Weekly - Rabu
RS1452;PT TORICO MAJU MAKMUR;Weekly - Rabu
RS2053;PT WONTON MAJU MAKMUR;Weekly - Rabu
RS1512;PT MANADO MAJU BERSAMA;Weekly - Rabu
RS1566;PT BOGA JAYA MAKMUR;Weekly - Rabu
RS3043;PT ADHIKARI PANGAN NUSANTARA;Weekly - Rabu
RS2105;PT GULA MAJU MAKMUR;Weekly - Rabu
RS0955;SUSHI TENGOKU REST. KLP GADING;Weekly - Rabu
RS0950;PT LIPPO KARAWACI TBK;Weekly - Rabu
RS2071;IGNATIUS RYAN SURYADI;Weekly - Rabu
RC0004;PT HIKMAT JALA SATULIMATIGA;Weekly - Rabu
RS0241;PT CAFE BATAVIA;Weekly - Rabu
RS2761;PT CAHAYA UTAMA ANUGERAH NUSANTARA;Weekly - Rabu
RS2821;PT GRAHA SENOPATI SENTOSA;Weekly - Rabu
RS2902;PT HAKUREN INTI SELERA;Weekly - Rabu
RC0002;CV JAYA SEJAHTERA ENERGI;Weekly - Rabu
RC0145;PT APULIAU BERKAH ENERGI;Weekly - Rabu
RS2337;TRISTI INDRIYANI;Weekly - Kamis
RC0156;CV SUAR SURYA SAKTI;Weekly - Kamis
RS0393;PT KAYSERINDO KULINER JAKARTA;Weekly - Kamis
UM0784;LIANI YUNIARTI HARTANTO;Weekly - Kamis
UM0377;PT NOVELL PHARMACEUTICAL LAB;Weekly - Kamis
RS2223;PT NAMBA KOPI INDONESIA;Weekly - Kamis
RS2449;ARISTYA INDRAWAN;Weekly - Kamis
RS2253;PT SARANA CIPTA KREASI ANUGERAH;Weekly - Kamis
UM0949;PT RASA CAHAYA ABADI;Weekly - Kamis
RS1728;IRVAN NURHALIM;Weekly - Kamis
RS0091;GAIA CATERING COMPANY;Weekly - Kamis
RS0721;PT RAHAYU ARUMDHANI INTERNATIONAL;Weekly - Kamis
RS1070;PT SANTE MA BOGA MANDIRI;Weekly - Kamis
RS0707;PT NOVA CASABLANCA;Weekly - Kamis
RS2201;PT DWI BATARA BOGA;Weekly - Kamis
RS0558;PT SATRIA MAJU BERSAMA;Weekly - Kamis
RS2137;PT MEGAGUNA USAHA BERSAMA;Weekly - Kamis
RS0441;PT MEGAGUNA USAHA BERSAMA;Weekly - Kamis
RS2112;PT TIRTAMAS JAYA LESTARI;Weekly - Kamis
RS2384;PT TIRTAMAS JAYA LESTARI;Weekly - Kamis
RS2787;PT MEGAGUNA USAHA MAKMUR;Weekly - Kamis
RS0992;PT KLABO INVESTAMA;Weekly - Kamis
RS1809;PT ARTISAN KULINER INDONESIA;Weekly - Kamis
RS1869;PT GRAHA FOOD ENTERTAINMENT;Weekly - Kamis
RS0312;PT FAJAR UTAMA NUANSA;Weekly - Kamis
RS2925;PT GENERASI BERKAT UTAMA;Weekly - Kamis
RS2606;PT PONG PERTAMA INDONESIA;Weekly - Kamis
RS2569;PT MERLOT DJAYA MAKMUR;Weekly - Kamis
RS1237;PT KOBA SUKSES BERJAYA;Weekly - Kamis
RC0037;PT CINTA KOPI NUSANTARA;Weekly - Kamis
RC0091;CV LAKSMI BERKAH LESTARI;Weekly - Kamis
RS1453;RUDI SUTANTO;Weekly - Kamis
RS2215;SELECT FOOD INDONESIA;Weekly - Kamis
RC0105;PT PATRA NAULI BERDIKARI;Weekly - Kamis
RC0074;PT SALMANDA JAYA UTAMA;Weekly - Kamis
RS2675;PT BELLA ITALIA INDONESIA;Weekly - Kamis
RS2811;PADANG GOLF BUKIT SENTUL;Weekly - Kamis
RS2657;PT MASHUD SEJAHTERA;Weekly - Kamis
RS2840;PT KARABHA DIGDAYA;Weekly - Kamis
RS2764;CV TRI SARI JAYA;Weekly - Kamis
RS2964;CV TRI SARI JAYA;Weekly - Kamis
RS2723;PT BASTIAAN GROUP INDONESIA;Weekly - Kamis
RS2801;PT PETGO BASTIAN;Weekly  - senin
RS2861;PT REINBARR RATU RADJAWALI;Weekly - Kamis
RC0135;PT ASRI KURNIA PERKASA;Weekly - Kamis
RS0033;CV ALPHA CHARLIE;Weekly - Kamis
RS2350;PD TANGGUH BERSAMA;Weekly - Kamis
RS1544;PT BOGA KREASI MITRA BUDAYA;Weekly  - Jumat
RS0035;CV BERKAT BOGA TAMA;Weekly  - Jumat
RS2517;PT GULA MERAH ASIA;Weekly  - Jumat
RC0113;CV PRATAMA SHELLINDO;Weekly  - Jumat
RS3110;PT PILAR BOGA PERKASA;Weekly  - Jumat
RS1716;CV BERKAT BOGA RASA;Weekly  - Jumat
RS2154;PT MITRA KULINER SEJATI;Weekly  - Jumat
RS2369;PT BENTANG ENERGI NUSANTARA;Weekly  - Jumat
RS0705;PT NALEDA BOGA SERVICE;Weekly  - Jumat
RS2705;ARLINI SYAH;Weekly  - Jumat
RS2095;PT GORDI KREASI INDONESIA;Weekly  - Jumat
RC0116;CV TRI MUTIARA KIRANA;Weekly  - Jumat
RS1678;BANG YUAN LIDRA;Weekly  - Jumat
RS0592;PT SUM MUSTIKA PRIMA;Weekly  - Jumat
RS2346;AANG KUSNADI;Weekly  - Jumat
RS1343;PT TANAMERA KOPI INDONESIA;Weekly  - Jumat
RS2186;PT NIRMALA ASIA LESTARI;Weekly  - Jumat
RS2579;PT QUALITA SENTRA RASA;Weekly  - Jumat
RS2598;PT QUALITA INTI RASA;Weekly  - Jumat
RS2604;PT QUALITA INTI RASA;Weekly  - Jumat
RS2153;PT SINAR HORECA SUKSES;Weekly  - Jumat
RS1059;PT KHARISMA MAKMUR SEJAHTERA;Weekly  - Jumat
RS2354;LIEM SONY;Weekly  - Jumat
RS0604;PT SUSHI TEI INDONESIA;Weekly  - Jumat
RS2243;PT CIPTA KREATIF KULINA;Weekly  - Jumat
RS2333;PT HAZ ENERGI BARAKAH;Weekly  - Jumat
RS2937;PT SHINJUU MAKMUR INDONESIA;Weekly  - Jumat
RC0137;PT PIJAR RIZKI NAUDAPA;Weekly  Jumat
RS0363;PT INDOCORE SUKSES;Weekly  Jumat
RS2939;PT BALI BOGA NATURA;Weekly - Jumat
RS3090;PT LADANG BOGA KREATIF;Weekly - Jumat
RS2897;PT BERKAH BERLIPAT GANDA;Minggu ketiga - Senin
RS0581;PT SHIMASENTRA INTIRASA;Bulanan - Setiap tanggal 1-5
RS1241;PT ASTOWA FOOD INDONESIA;Bulanan - Setiap tanggal 1-5
RS2067;PT TREASURE CULINARY INDONESIA;Tanggalan - 10 dan 25
RS0713;PT PARADISE INDONESIA CARPEDIA;Tanggalan - 10 dan 25
RS1331;PT TREASURE CITARASA INDONESIA;Tanggalan - 10 dan 25
RS3041;PT TREASURA CITA MAKMUR;Tanggalan - 10 dan 25
RS2024;PT BERKAT KULINER PASIFIK;Tanggalan - 10 dan 25
SM0095;PT. GS RETAIL INDONESIA;Weekly - SENIN
SM0020;PT.GRACIA MITRA SELARAS;Weekly - SENIN
SM0071;PT. GELAEL LAMPUNG;Weekly - SENIN
SM0065;PT. MAXIM JAYADI ABADI;Weekly - SENIN
SM0113;PT.AKAR PANJI ULUNG;Weekly - SENIN
SM0140;PT MAHADANA DASHA UTAMA;Weekly - SENIN
SM0151;PT LANCAR WIGUNA SEJAHTERA;Weekly - SENIN
SM0077;RUMAH BUAH;Weekly – SELASA
SM0089;PT.RUMBU MEGAH SEMPURNA;Weekly – SELASA
SM0070;WORI SUPERMARKET;Weekly – SELASA
SM0022;PT.HOKKY BERSAMA;Weekly – SELASA
SM0023;PT.HOKKY TE IT;Weekly – SELASA
SM0009;PT.MITRA ADIKARYA MANDIRI;Weekly – SELASA
RS0445;PT. MIDI UTAMA INDONESIA TBK;Weekly – SELASA
SM0203;PT PITAYA SUKSES MANDIRI;Weekly – SELASA
SM0120;PT.GELAEL SUPERMARKET;Weekly - RABU
SM0018;PT.GELAEL SUPERMARKET;Weekly - RABU
SM0178;PT GROWELL NATURAL INDONESIA;Weekly – RABU
SM0146;PT DUTA MANDIRI JAYA;Weekly – KAMIS
SM0163;DUTA CAHAYA SUKSES;Weekly – KAMIS
SM0195;PT BERKAT SERPONG JAYA;Weekly – KAMIS
SM0152;TOP BUAH SEGAR ABADI;Weekly – KAMIS
SM0174;PT FAJAR MITRA INDAH;Weekly – KAMIS
SM0058;PT. HANIL SUPER UTAMA;Weekly – JUMAT
SM0168;CV MOMOGO INDONESIA GLOBAL;TIDAK TUKAR FAKTUR
SM0188;CV RAMORA FORTUGAL;TIDAK TUKAR FAKTUR
OT0140;RAHAYU RUMINDA;TIDAK TUKAR FAKTUR
SM0200;PT ANEKA SOLUSI PANGAN;TIDAK TUKAR FAKTUR
SM0187;CV MEGA;TIDAK TUKAR FAKTUR
SM0196;CV MEGA;TIDAK TUKAR FAKTUR
DS0289;PT SINAR12 BUKIT BARISAN;TIDAK TUKAR FAKTUR
EC0040;CV SALAM DAGING INDONESIA;TIDAK TUKAR FAKTUR
EC0001;PT GLOBAL DIGITAL NIAGA;TIDAK TUKAR FAKTUR
EC0031;PT ANEKA SEGAR MAKMUR;Weekly - SENIN
RS0710;PT. OBS CITRA INDONESIA;TIDAK TUKAR FAKTUR
EC0011;ONLINE TOKOPEDIA;TIDAK TUKAR FAKTUR
EC0015;ONLINE SHOPEE;TIDAK TUKAR FAKTUR
EC0014;ONLINE INSTAGRAM;TIDAK TUKAR FAKTUR
EC0016;ONLINE BLIBLI;TIDAK TUKAR FAKTUR
PS0703;PT SATU SUMBER SARANA;TIDAK TUKAR FAKTUR
CT0085;SESILIA;Tidak Tukar Faktur
DS0150;PT HIMALAYA AGUNG PERKASA;Tidak Tukar Faktur
RQ0045;PT ABCD KOPI INDONESIA;Tidak Tukar Faktur
DS0190;PT JAVA SEA FOOD;Tidak Tukar Faktur
UM0660;KUNANDI PRAMUDIYANTO;Tidak Tukar Faktur
DS0202;PT PRIMA INTERAKTIF;Tidak Tukar Faktur
CT0109;RIZA NUR AKBAR;Tidak Tukar Faktur
CT0178;EVAN FIRMANSYAH L;Tidak Tukar Faktur
DS0069;GUSTIA AMELIA DEVI;Tidak Tukar Faktur
UM0447;JOHN ROBERT CHARLES DUFFY;Tidak Tukar Faktur
MN0068;CV AXELLA MAKMUR GEMILANG;Tidak Tukar Faktur
DS0255;PT KREASI ARANA NUSANTARA;Tidak Tukar Faktur
MN0075;PT HARAPAN IMAN KASIH;Tidak Tukar Faktur
MN0022;PT SAN MIGUEL FOODS INDONESIA;Tidak Tukar Faktur
MN0028;PT CANNING INDONESIAN PRODUCTS;Tidak Tukar Faktur
UM0409;PT SORIN MAHARASA;Tidak Tukar Faktur
DS0097;PT.ADIL MART;Tidak Tukar Faktur
DS0146;CV CIPTA USAHA MANDIRI SEJAHTERA;Tidak Tukar Faktur
MN0054;PT. MACROPRIMA PANGANUTAMA;Tidak Tukar Faktur
DS0154;PT SUMBER TIRTA HAKIKI;Tidak Tukar Faktur
DS0220;PT CLASSIC FINE FOODS INDONESIA;Tidak Tukar Faktur
PS1132;PT TAKAKI INDOROTI PRIMA;Tidak Tukar Faktur
DS0145;PT SEKAR BUMI TBK;Tidak Tukar Faktur
CT0008;CV. ALSYURAFA;weekly - Senin
CT0086;PT. PHAROS INDONESIA;weekly - Senin
MN0057;PT. BOGA OPTIMA SOSAN SUKSES;weekly - Senin
CT0014;LISA SUNARI;weekly - Selasa
DS0086;PT.INTI WAHANA NUSANTARA;weekly - Selasa
MN0019;PT INTI PRIMA RASA;weekly - Selasa
RQ0023;PT.DIMA PEZZO INDONESIA;weekly - Selasa
RQ0063;PT STAFFINDO DINAMIKA MANDIRI;weekly - Selasa
RQ0029;PT GRAHA LAYAR PRIMA;weekly - Selasa
MN0053;CV SICMA INTI UTAMA;weekly - selasa
MN0021;PT BOLESCA FOODINDO;weekly - selasa
RQ0002;CV. DWIGUNA SAJI;weekly - selasa
MN0016;CV ZAYCO BOGA ALIFA;weekly - Rabu
CT0175;SURYO HADIANTO GUNAWAN;weekly - Rabu
RQ0046;PT INDO BANGI KOPITIAM;weekly - Rabu
RQ0036;PT STARINDO INTI BOGA;weekly - Rabu
UM0173;PT. ANUGERAH ANTAR ASIA;weekly - Rabu
MN0076;PT KERTA MULYA SEMESTA;weekly - Rabu
RQ0007;PT. GENERASI MUTIARA BANGSA;weekly - Rabu
RS0876;PT WIRYAMANTA SADINA;weekly - Rabu
CT0149;PT GUNA BHAKTI SUKSES BERSAMA;weekly - Kamis
DS0100;CV FIVA FOOD MEAT;weekly - Kamis
MN0014;PT.NUTRINDO RANA SEJAHTERA;weekly - Kamis
RQ0024;PT.SALAD SEGAR LESTARI;weekly - Kamis
RQ0025;PT.SALAD SEGAR LESTARI;weekly - Kamis
RQ0026;PT SALAD SEGAR LESTARI;weekly - Kamis
RQ0048;PT SALAD SEGAR LESTARI;weekly - Kamis
RQ0055;PT SALAD SEGAR LESTARI;weekly - Kamis
RQ0056;PT SALAD SEGAR LESTARI;weekly - Kamis
RQ0065;PT NUSANTARA SEGAR INDONESIA;weekly - Kamis
RQ0052;PT GANDUM TANGGUH LESTARI;weekly - Kamis
RS2756;PT MITRA SUKSES ARKATAMA;weekly - Kamis
CT0169;PT VIRTUS CULINARY INDONESIA;weekly - Kamis
CT0150;PT CIPTA RASA MULTINDO;weekly - Kamis
DS0240;PT BRACKLEY PACIFIC AGRITRADE;weekly - Kamis
CT0039;PT. JADDI GLOBALINDO;weekly - Jumat
CT0038;PT. JADDI GLOBAL SEJAHTERA;weekly - Jumat
CT0145;PT SINERGI MITRAJAYA ABADI;weekly - Jumat
UM0269;PT. FARSEGA;weekly - Jumat
RQ0001;PT BANDA SENTRAL MAKMUR;weekly - Jumat
CT0042;PT. PANGANSARI UTAMA FOOD DISTRIBUTIONS;weekly - Jumat
RQ0030;PT.EXCELSO MULTIRASA;weekly - Jumat
RQ0066;PT EXCELSO MULTIRASA WARALABA;weekly - Jumat
MN0070;PT. MACROSENTRA NIAGABOGA;weekly - Jumat
DS0054;PT. MITLOIN GLOBAL GROUP;weekly - Jumat
SM0142;PT. BERKARYA MAKMUR SEJAHTERA;Weekly – Kamis
SM0093;PT. KAGE DWIJAYA;Weekly – Selasa
SM0062;PT. KAWANUA DASA PRATAMA;Weekly – Selasa
SM0010;PT AKUR PRATAMA;Weekly – Kamis
SM0016;PT. DUNIA PUTRA ABADI;Weekly – Senin
SM0032;PT LUCKY STRATEGIS;Weekly – Rabu
SM0193;PT. MITRA BELANJA ANDA;Weekly – Senin
SM0162;PT. KKV INTERNATIONAL INDONESIA;Weekly – Jumat
SM0155;PT. PROTEINDOTAMA CIPTA PANGAN;Weekly – POS
SM0205;PT. PROTEINDOTAMA CIPTA PANGAN;Weekly – Senin
SM0167;PT CENTRAL REZEKI COLD STORAGE;Weekly – Senin
SM0206;CV RADEN BUAH LESTARI;Weekly – Selasa
OT0037;CHAIRUL ANWAR ( TOKO KIAN );Weekly – Rabu
SM0209;PT. KIMINDO JAYA ABADI;Weekly – Rabu
SM0117;PT FRESH ONE;Weekly – Selasa
SM0199;PT SUMBER ALFARIA TRIJAYA;Irfan
SM0198;PT INDOMARCO PRISMATAMA;B2B
SM0027;PT LION SUPER INDO;B2B
SM0172;PT BOGA MAJU ABADI;B2B
SM0149;PT. SEJAHTERA EKA MANDIRI;Weekly - Senin
SM0050;PT. SUPRA BOGA LESTARI;Weekly – Selasa (online)
SM0051;PT. SWALAYAN SUKSES ABADI;Monthly – 8-13 & 18 - 23
OT0146;DAVID (FAJAR FROZEN);Weekly - Rabu
RQ0012;PT PRIMA USAHA ERA MANDIRI;Weekly - Senin
RQ0051;PT KHAS PRIMA NUSANTARA;Weekly - Senin
PS0488;PT MAXX COFFEE PRIMA;Weekly - Senin
CT0048;PT SODEXO INDONESIA;Weekly - Senin
CT0130;ANDARUNI;Weekly - SENIN
CT0106;PT CIBADAK AGRI;Weekly - SENIN
CT0132;TEDDY HARSONO;Weekly - SENIN
CT0045;PUSPA WIDJAJA UTAMA;Weekly - SELASA
RQ0022;PT QUIZNOSINDO;Weekly - SELASA
CT0035;PT INDOCATER;Weekly - SELASA
CT0195;PT INDOCATER - SURYA BUANA LESTARIJAYA;Weekly - SELASA
MN0030;PT WHAKYUNG AROMA CREATION;Weekly - SELASA
CT0123;PT GOBEL DHARMA SARANA KARYA;Weekly - SELASA
MN0044;ARIOBIMO MAKMUR SENTOSA;Weekly - SELASA
RQ0059;ASEP ALI NURDIN;Weekly – SELASA
DS0092;LIO NARDO;Weekly - SELASA
MN0031;PT ANUGERAH CITRA BOGA;Weekly - SELASA
MN0005;PT ASIA FROST;Weekly - SELASA
MN0007;PT MADUSARI NUSAPERDANA;Weekly - SELASA
RQ0035;PT DUNKINDO LESTARI;Weekly – SELASA
RQ0058;PT BAKTI ABADI INTI MAKMUR;Weekly – SELASA
RQ0016;PT SARI BURGER INDONESIA;Weekly – SELASA
RQ0067;PT SARI CHICKEN INDONESIA;Weekly – SELASA
MN0064;PT MCDELICA FOOD INDONESIA;Weekly - SELASA / JUMAT (BY POS)
MN0001;PT BELFOODS INDONESIA;Weekly - SELASA / JUMAT (BY POS)
DS0265;PT PANGAN AGUNG SENTOSA;Weekly - SELASA / JUMAT (BY POS)
MN0002;PT CHAROEN POKPHAND INDONESIA;Weekly - SELASA / JUMAT (BY POS)
CT0128;PT INTI IDOLA ANUGERAH;Weekly - SELASA / JUMAT (BY POS)
MN0077;PT PRISTINE PRIMA LESTARI;Weekly - SELASA / JUMAT (BY POS)
DS0226;PT MALINDO FOOD DELIGHT;Weekly - SELASA / JUMAT (BY POS)
DS0160;CV OMEGA MAJU JAYA;Weekly - SELASA / JUMAT (BY POS)
CT0185;CV TITIAN FOOD MAJU BERKAH;Weekly - SELASA / JUMAT (BY POS)
CT0126;MADINA KEBAB;Weekly - SELASA / JUMAT (BY POS)
CT0152;ANDERS REINALDO;Weekly - SELASA / JUMAT (BY POS)
DS0164;PT LAUTAN CAHAYA BERLIAN;Weekly - SELASA / JUMAT (BY POS)
DS0178;PT KAISAR UTAMA;Weekly - SELASA / JUMAT (BY POS)
DS0149;ANDRI SUSANTO;Weekly - SELASA / JUMAT (BY POS)
RQ0064;PT TRIJAYA LAKSANA KARYA;Weekly - SELASA / JUMAT (BY POS)
DS0204;RHY KHY JUN;Weekly - SELASA / JUMAT (BY POS)
DS0183;PT ATHAN GEMILANG PERKASA;Weekly - SELASA / JUMAT (BY POS)
DS0144;CV MAMORA;Weekly - SELASA / JUMAT (BY POS)
DS0235;PT PRIZAR GLOBAL MANDIRI;Weekly - SELASA / JUMAT (BY POS)
RQ0037;PT PRIMA BOGA FADILINDO;Weekly - SELASA / JUMAT (BY POS)
RS0503;PT. PELANGI ZARA INDAH;Weekly - SELASA / JUMAT (BY POS)
RS1509;CV BOGA INTI SEJAHTERA;Weekly - SELASA / JUMAT (BY POS)
RS1525;PT LIMA SEKAWAN MAKMUR;Weekly - SELASA / JUMAT (BY POS)
RS2257;PT JAYA MAKMUR DUA;Weekly - SELASA / JUMAT (BY POS)
RS0246;PT CAVALLINO MITRA JAYA;Weekly - SELASA / JUMAT (BY POS)
RS0656;PT ZHUMA MITRA JAYA;Weekly - SELASA / JUMAT (BY POS)
RS0656;PT ZHUMA MITRA JAYA;Weekly - SELASA / JUMAT (BY POS)
RS1937;NADYA ESMERALDA;Weekly - SELASA / JUMAT (BY POS)
RS2104;KOPI BAR;Weekly - SELASA / JUMAT (BY POS)
RS2101;PT KOPI BENERAN INDONESIA;Weekly - SELASA / JUMAT (BY POS)
RS0570;PT SELERA UTAMA MAKMUR;Weekly - SELASA / JUMAT (BY POS)
RS0956;PT SENTRA KULINER SEJAHTERA;Weekly - SELASA / JUMAT (BY POS)
RS1561;PT RAJA TOP FOOD;Weekly - SELASA / JUMAT (BY POS)
MN0024;PT MULIA RANA FROZINDO;Weekly - SELASA / JUMAT (BY POS)
DS0282;CV ZAFIRA FROZEN BEEF;Weekly - SELASA / JUMAT (BY POS)
RS0746;ROTI BAKAR 88;Weekly - SELASA / JUMAT (BY POS)
RS1832;KHO ALBERT KOSASIH;Weekly - SELASA / JUMAT (BY POS)
RS2044;TURMUDZI;Weekly - SELASA / JUMAT (BY POS)
RS1571;PT GOLDEN ANAK TRITUNGGAL;Weekly - SELASA / JUMAT (BY POS)
UM0200;PT LION BOGA;Monthly - RABU
RQ0050;PT DENNY BOGA INDONESIA;Weekly - RABU
DS0167;PT SUKANDA DJAYA;Weekly - RABU
RQ0006;PT DOM PIZZA INDONESIA;Weekly – RABU
UM0969;TAN PO LIAN;Weekly – RABU
CT0154;AGUSTINUS GOZALI;Weekly - RABU
RQ0038;PT SINEMA AGUNG MANDIRI;Weekly - RABU
UM0225;PT TRANS COFFEE;Weekly - KAMIS
RQ0020;PT TRANS BURGER;Weekly - KAMIS
RQ0044;PT TRANS RASA NIPPON;Weekly - KAMIS
RQ0047;PT TRANS RASA BALI;Weekly - KAMIS
RS0739;PT. TRANSINDO OASIS ENTERPRISES;Weekly - KAMIS
RQ0034;PT TRANS RASA ORIENTAL;Weekly - KAMIS
RQ0017;PT SARI MELATI KENCANA TBK;Weekly - KAMIS
RS2782;PT FEDWELL PASTI SEJAHTERA;Weekly - KAMIS
DS0252;PT OBOR SUMBERDAYA NUSANTARA;Weekly - KAMIS
DS0139;PT DELISARI NUSANTARA;Weekly - KAMIS
CT0111;LEAFWELL SEHAT SEJAHTERA;Weekly - KAMIS
MN0004;PT DAGSAP ENDURA EATORE;Weekly – KAMIS
MN0082;PT LASALLEFOOD INDONESIA;Weekly - KAMIS
RQ0010;PT MOG INDONESIA;Weekly - JUMAT
CT0147;MUHAMMAD NAJIB;Weekly - JUMAT
MN0072;PT MIRE INDO UTAMA;Weekly - JUMAT
DS0253;PT ANUGERAH INDO MANDIRI;Weekly - JUMAT
SM0167;PT CENTRAL REZEKI COLD STORAGE;Weekly – Senin
SM0115;PT. MULTI BUAH SUKSES;Weekly – Senin
SM0150;PT. MULTI SUMBER  REZEKI;Weekly – Senin
SM0173;PT TUMBUH BERSAMA SEHAT;Weekly – Senin
SM0133;TAN ANDI;Weekly – Senin
SM0176;PT TOTALITAS TANPA BATAS;Weekly – Senin
SM0091;PT. LULU GROUP RITEL;Weekly – Senin
SM0134;PT. PALIGIES INTERNASIONAL;Weekly – Senin
SM0139;PT. GREEN FRESH;Weekly – Selasa
SM0202;PT ORGANIK SEHAT ALAMI;Weekly – Selasa
SM0141;PT SUMBER AGRI SEHAT;Weekly – Selasa
SM0204;PT. INDO DARMA DISTRIBUSI;Weekly – Selasa
SM0072;PT. VICTORY RETAILINDO;Weekly – Selasa & Rabu
SM0184;PT KAIFA INDONESIA;Weekly – Rabu
SM0114;PT. INDOBUMI LESTARI;Weekly – Rabu
SM0179;PT KEMANG KARSA LESTARI;Weekly – Kamis
SM0056;PT BOGA CATUR RATA;Monthly – Kamis
SM0214;PT. MITRA BUMI AMERTA;Whatsapp
SM0030;PT LOTTE MART INDONESIA;Weekly - B2B
SM0031;PT LOTTE SHOPPING INDONESIA;Weekly - B2B
SM0111;CV SAGA RETAILINDO SORONG;Weekly – Email
SM0015;PT. CIRCKLE K INDONESIA;Weekly – Senin
SM0011;PT. ALFA RETAILINDO;Weekly - B2B
SM0053;PT. TRANS RETAIL INDONESIA;Weekly - B2B
UM0150;MISS CORINNE GAMINDE;Email
RS2969;PT. IRUUM RETAIL INDONESIA;Weekly – Selasa
RS2520;PT. RUMAH MEBEL NUSANTARA;Weekly - Senin
RS2089;PT. TRIBOGA NUTRI MAKMUR;Weekly - Senin
RS1323;PT. JAZEERAH JAKARTA PUSAT;Weekly - Senin
RS2209;CV SUMBER MAKANAN SEHAT;Weekly - Senin
RS1428;PT. ARENA GOURMET;Weekly - Senin
RS1844;PT. ARENA SIAM KULINER;Weekly - Senin
RS1881;PT. MENYA MUSASHI INDONESIA;Weekly - Senin
RS2703;PT. ERA BOGA PATISERINDO;Weekly - Senin & Weekly Rabu
RS1630;PT. HELIHAN SURYA GEMILANG;Weekly - Senin
RS1704;PT. ANOMALI COFFEE;Weekly - Selasa
RS0985;PT. INDOBOGA JAYA KUSUMA;Weekly - Selasa
RS2530;PT BANGOR BERKEMBANG BERSAMA;Weekly - Selasa
RS0501;PT. PAWON WANGI RESTORINDO;Weekly - Selasa
RS0161;PT. INDOFOOD COMSA SUKSES MAKMUR;Weekly - Selasa
RS2259;PT MODULAR KULINER INDONESIA;Weekly - Selasa
RS2324;PT SATYA CIPTA BOGA;Weekly - Selasa
RS1920;PT. KOPI ASLI INDONESIA;Weekly - Selasa
RS0613;WARUNG TEKKO;Weekly - Selasa
RS2605;PT. BIGHOT TIGER INDONESIA;Weekly - Selasa
RS2412;CV INDO KARTAWIJAYA;Weekly - Selasa
RS1516;PT MAHAWIRYA MAKMUR SENTOSA;Weekly - Selasa
RS0626;PT TURKINDO SEJAHTERA;Weekly - Selasa
RS0818;PT HIMBER INDONESIA;Weekly - Selasa
RS0175;PT. AGUNG MANDIRI LESTARI;Weekly - Rabu
RS1769;PT. SARI FOOD LESTARI;Weekly - Rabu
RS0556;PT. SARI PIZZA INDONESIA;Weekly - Rabu
RS0657;PT.  ALJAZEERAH RESTAURANT;Weekly - Rabu
RS2274;PT. NUSA PRIMA PANGAN;Weekly - Rabu
RS0073;CV SINAR LARIA;Weekly - Rabu
RS0040;CV. CAHAYA LARIA;Weekly - Rabu
RS0196;PT. ARENA MULTIBOGA;Weekly - Rabu &Jum'at
RS0970;PT. SAMWON GARDEN INDONESIA;Weekly - Rabu & Kamis
RS0369;PT. INTERCONTINENTAL CULINARY;Weekly - Rabu minggu ke 2,3,4
RS1513;PT. KHUBILAI KHAN;Weekly - Rabu Minggu Ke-1 dan ke-3
RS1665;PT. SENDOK GARPU BERSAUDARA;Weekly - Kamis
RS1883;CV SARANA ADHI GEMILANG;Weekly - Kamis
RS1780;PT CAHAYA PANGAN INDONESIA;Weekly - Kamis
RS0913;PT. SRIBOGA MARUGAME INDONESIA;Weekly - Kamis
RS2471;PT CAHAYA JAYADI ABADI;Weekly - Kamis
RS2804;PT. CITRARASA SURGAWI / PT BOGA INDO PRIMA;Weekly - Kamis
RS1493;PT. INOVASI KULINER INDONESIA;Weekly - Kamis
RS2567;PT. WISNU ANANDA JAYA;Weekly - Kamis
RS2618;PT. OMA KITA SEMUA;1-15 & 15-30 Hari Weekly - Kamis
RS2461;CV. DAPURAME;Weekly - Jum'at
RS2217;PT. BOGA MAKMUR MANDIRI;Weekly - Jum'at
RS2255;PT. BOGA MAKMUR MANDIRI;Weekly - Jum'at
RS0226;PT. BOGA MAKMUR INTIPANGAN;Weekly - Jum'at
RS1056;PT. BOGA MAKMUR WIJAYA;Weekly - Jum'at
RS2187;PT. TRI AGUNG NUSANTARA NARA;Weekly - Jum'at
RS0698;PT. MAS MILENNIUM INDONESIA;Weekly - Jum'at
RS0103;PT. KEMILAU PANGAN CITRA;Weekly - Jum'at
RS1959;PT. FUKUMIMI BERKAH BERSAMA;Weekly - Jum'at
RS1044;PT. VUE RESTAURANT INDONESIA;Jum'at Minggu 1,2,3
RS1005;PT. SOCIEATY RESTAURANT INDONESIA;Jum'at Minggu 1,3,4
RS0465;PT. MORELLO;Jum'at minggu ke-2 (BULANAN)
RS1904;PRIME ANGUS;Jum'at minggu ke-2 (BULANAN)
PS0869;PT. KOPI PUTRA BANGSA;Weekly - Senin
PS0352;PT ANUGERAH ANTARI SEJAHTERA;Weekly - Senin
UM0226;PT. VALENTINA CITA BOGA;Weekly - Senin
PS0115;BAKING LAND (DEWI YANA );Weekly - Senin
UM0251;TOKO ELDELA /DENNY SUHARLI;Weekly - Senin
PS0942;AMER MIRZA SE / TOKO YEYE;Weekly - Senin
PS1101;PT NARASA MULTI NUSA;Weekly - Senin
RS2864;PT LAMURI SAMUDRA HORIZON;Weekly - Senin
PS0974;PT. SRI ANDARA SHIVA;Weekly - Senin
OT0161;PT LAUKITA BERSAMA INDONESIA;Weekly - Senin
PS0209;TOKO BERKAT;Weekly - Senin
PS0123;HARSOYO;Weekly - Senin
PS0115;FITRIA ANINDITA PUTRI;Weekly - Selasa
PS0615;PT HARI NIAGA CEMERLANG;Weekly - Selasa
RS1655;MARINATA BOGA JAYA;Weekly - Selasa
UM0337;PT. PRIMA TOP BOGA;Weekly - Selasa
PS0023;QUEENARA;Weekly - Selasa
PS0369;PT INDO SURGA JAYA;Weekly - Selasa
PS0989;PT. KARYA TERBAIK NUSANTARA;Weekly - Selasa
PS0974;PT MEGMILK SNOW BRAND INDONESIA;Weekly - Selasa
CT0108;CV. MUTIARA;Weekly - Senin
RS2891;PT INDO FUSION NUSANTARA;Weekly - Selasa
RS2876;PT TIGER SUGAR INDONESIA;TIDAK TUKAR FAKTUR
PS0908;PT BAROKAH DUNIA AKHIRAT;Weekly - Selasa
RS3093;PT BOGA NUSA PROTINDO;Weekly - Selasa
UM0255;PT LARIS SUKSES SEJAHTERA;Weekly - Rabu 
PS0156;PT. TITAN INTIRASA SUMBER SEJAHTERA;Weekly - Rabu 
PS1080;GRAHA MULTI PANGAN;Weekly - Rabu 
PS0846;PT KEJAYAAN GASTRONOMI INDONESIA;Weekly - Rabu 
RS2814;PT BORNGALBI;Weekly - Rabu 
RS2728;PT WANDE ANDON MUDA;Weekly - Rabu 
PS1127;CV TOKYO CAFE BAKERY DESSERT;Weekly - Rabu 
PS0381;PT. PASIFIK PRIMA KULINER;Weekly - Rabu 
PS1142;PT MAKO ANUGERAH KREASINDO;Weekly - Rabu 
PS1147;PT.JCO DONUT & COFFEE;Weekly - Rabu 
PS1150;PT ROYAL PANCAPERSADA ANUGERAH;Weekly - Rabu 
PS1154;PT TALKINDO SELAKSA ANUGRAH;Weekly - Rabu 
CT0064;cv. YVONNE'S CATERING;Weekly - Rabu 
PS1160;PT CIPTABOGA SUKSES MANDIRI;Weekly - Rabu 
PS0239;PT.PASADENA KREASI JAYAINDO;Weekly - Kamis
PS0906;VIBRAN RAYA BESTARI;Weekly - Kamis
PS0322;EFFENDY / TOKO BERKAT ANUGRAH;Weekly - Kamis
PS0888;PT JHAREDA MITRA BOGA;Weekly - Kamis
PS0194;PT SUMBER DAYA NUSAPHALA;Weekly - Kamis
PS0315;YAY BUDDHA TZU CHI WIYATA  INDONESIA;Weekly - Kamis
ps0180;BELLE BAKING AND COOKING CLASS/ AGNES ANDRIA NIO;Weekly - Kamis
PS0171;ANDRE ISKANDAR;Weekly - Kamis
PS0410;PT HEIHEI SUKSES CEMERLANG;Weekly - Kamis
PS0169;PT. AUSFINE FOODS INDONESIA;Weekly - Kamis
RS2156;LIESTYAWATI LEO;Weekly - Kamis
PS1122;PT LUHUR MINULYA EKARASA;Weekly - Kamis
RS2936;PT DELTA RAYA SEJAHTERA;Weekly - Kamis
RS2892;PT DUNIA SOMMI INDONESIA;Weekly - Kamis
PS0938;PT PERMATA SUKSES SENTOSA;Weekly - Kamis
PS0458;PT SAJI MANDIRI INDONESIA;Weekly - Jumat
RS2797;PT SAJI SEGAR LESTARI;Weekly - WEEKLY - RABU & JUMAT
PS0431;PT BOGA SURYA MANDIRI;Weekly - JUMAT
UM0262;TOKO VIETO / BAMBANG SUWITO;Weekly - JUMAT
CT0201;PT UMARA NIKMAT BOGA;Weekly - JUMAT
DS0261;PT APRILASTA RAJA BOGA;Weekly - JUMAT
PS0278;TITIEN SUHARTINI;Weekly - JUMAT
PS0398;MARDANI;Weekly - JUMAT
PS0474;PINDARIUS LESMANA;TIDAK TUKAR FAKTUR
PS0210;PT. NAPOL MEDAN BERKAH;TIDAK TUKAR FAKTUR
PS1012;KEMBANG LOYANG;TIDAK TUKAR FAKTUR
PS0238;ASTRI WIDYANINGRUM;SESUAI JATUH TEMPO
PS0505;CHAIRUL SULTAN;TIDAK TUKAR FAKTUR
PS0655;PT KITA MAKAN BERSAMA;TIDAK TUKAR FAKTUR
PS0588;WAN TU TUTI;TIDAK TUKAR FAKTUR
PS0135;TYU CAKE TOOLS SHOP;TIDAK TUKAR FAKTUR
PS0574;CV WAROENG UP2DATE;TIDAK TUKAR FAKTUR
PS0567;HENRY MULYADI CHANDRA;TIDAK TUKAR FAKTUR
UM0258;TOKO LOWID'S;TIDAK TUKAR FAKTUR
RS2775;PT SUN SIERRA FOOD INDONESIA;TIDAK TUKAR FAKTUR
PS0589;RAYHAN SWASONO;TIDAK TUKAR FAKTUR
PS0268;ANTON SASTRAHUDIAH;TIDAK TUKAR FAKTUR
PS0390;REGINA CAROLIN RAHARJO;TIDAK TUKAR FAKTUR
PS0419;JOHANES LIM;TIDAK TUKAR FAKTUR
PS0170;ORYZA SATIVA BACHTIAR SE;TIDAK TUKAR FAKTUR
UM0369;BAPAK DARRYL;TIDAK TUKAR FAKTUR
PS0337;DYAH PUSPITA ARUM;TIDAK TUKAR FAKTUR
RS2772;PT. NENGGALA CAKRA AKUSARA;TIDAK TUKAR FAKTUR
PS0225;LUCIA MARIA ARIFIN;TIDAK TUKAR FAKTUR
PS1022;PUTRO TRI  MULYO;TIDAK TUKAR FAKTUR
PS0260;PT.OMAH BOGA PARAMA;TIDAK TUKAR FAKTUR
UM0753;AMELIA DJAJADI;TIDAK TUKAR FAKTUR
PS0256;ALEXANDER;TIDAK TUKAR FAKTUR
PS0160;PD. JAYA SENTOSA;TIDAK TUKAR FAKTUR
PS0697;PT FOODSOMNIA PERTAMA GRUP;TIDAK TUKAR FAKTUR
RS2685;PT KIOS KOSMIK HOT DOG;TIDAK TUKAR FAKTUR
PS0500;LIZZARNI;TIDAK TUKAR FAKTUR
PS0808;CV. MANDIRI GEMILANG;TIDAK TUKAR FAKTUR
PS0772;ARMIN;TIDAK TUKAR FAKTUR
PS0837;PT. PURIBOGA DWI ARTHA;TIDAK TUKAR FAKTUR
PS0231;PT.UKHUWAH BOGOR BERKAH;TIDAK TUKAR FAKTUR
PS0261;MOHAMMAD SAIPULUNG;TIDAK TUKAR FAKTUR
PS0218;PT KINTARO SUSHI PANGAN INDONESIA;TIDAK TUKAR FAKTUR
RC0124;PT HALLF KREASI PATIUNUS;TIDAK TUKAR FAKTUR
PS0820;KREASI TANI LAKSMI;TIDAK TUKAR FAKTUR
RS0221;PT. MULTI KREASI CITRA RASA;TIDAK TUKAR FAKTUR
RS2953;CV SOLID AMANAH SUKSES;TIDAK TUKAR FAKTUR
RC0063;PT. GEMBIRA BERSAMA GRUP;TIDAK TUKAR FAKTUR
RS2995;PT ANTARA KATA JAKARTA;TIDAK TUKAR FAKTUR
PS0476;WAHYUNING DYAH PRAWESTI;TIDAK TUKAR FAKTUR
RS3011;PT NEW FOOD SOLUTION;TIDAK TUKAR FAKTUR
PS0902;PT ROLUPAT KRIYA INDONESIA;TIDAK TUKAR FAKTUR
PS0543;YUDHI ARSI ALDINO;WEEKLY - RABU ( BERKAS LUNAS )
PS0404;SRIHARIYATI;TIDAK TUKAR FAKTUR
RS3074;CV RESTO SEJAHTERA MANDIRI;TIDAK TUKAR FAKTUR
rs3102;PT CITA RASA ANAK BANGSA;TIDAK TUKAR FAKTUR
RS1837;PT. BOGA RASA INDAH;Weekly - Senin
RS1536;PT. LIBBE BOGA SENTOSA;Weekly - Senin
RS2287;PT  SINGA FOOD INTERNATIONAL;Senin (2 Minggu Sekali)
RS0428;PT. M RAMEN;Senin (2 Minggu Sekali)
RS1121;PT.  RAJA FOOD INTERNATIONAL;Senin (2 Minggu Sekali)
RS2789;ZENBU RESTORAN;Weekly - Senin
RS2248;PT PEMUDA CARI CUAN;Weekly - Senin
RS1471;PT NAKAJIMA SUISAN INDONESIA;Weekly - Kamis
RS0579;PT. SHABU SHABU HOUSE;Senin - Minggu ke 3
RS2551;PT BERKAH ARUNA KULINER;Senin
RS2497;PT SUSHI HIRO INDONESIA;Weekly - senin
RS3040;PT KRISTAL HIRO INDONESIA;-
RS2310;TJUNG PAULUS;Weekly - Senin
RS2303;PT SUSHIGO HIRO INDONESIA;Weekly - Senin
RS2428;PT TAMAN HIRO INDONESIA;Weekly - Senin
RS3050;PT BEEF BOSS INDONESIA;Weekly -senin
RS1390;CREATIVE FOOD;Senin/2 Minggu
RS1350;PT GADING FOOD;Senin/2 Minggu
RS1521;PT PRIMA ISMAYA SEJAHTERA;Senin
CT0037;PT KITCHENETTE LESTARI;Senin
RS2301;PT. PWEEKLY - RABU BUDI MULIA;Weekly - Selasa
RS2271;PT CITA SENI SEMPURNA;Weekly - Selasa
RS1226;SONY SE;Weekly - Selasa
CT0182;PT SELERA KREASI BANGSA;Email tiap Selasa Tidak Tukar Faktur
RS2363;PT PENDEKAR BODOH;Weekly - Rabu
RS2330;PT.PUTRI KEBUN LESTARI;Weekly - Selasa
RS2463;PT REBEL GOFOOD INDONESIA;Tidak Tukar Faktur (Email)
RS1860;PT CIPTA ADIDAYA SEMESTA;Weekly - Rabu
RS1401;PT PAWON BOGA INTERNUSA;Weekly - Rabu
RS1980;PT EKADASA SELERA SEMPURNA;Weekly - Rabu
RS1643;PT OKUZONO NIPPINDO PARADISO;Weekly - Rabu
RS2381;PT TWELVE NIPPINDO PARADISO;Weekly - Rabu
RS1753;PT ALFRED BOGA LESTARI;Weekly - Rabu
RS2261;PT FURU SATO INDONESIA;Weekly - Rabu
RS1726;PT. LANGGENG DUNIA SELARAS;Weekly - Rabu
RS1771;CV SELERA PRIMA;Weekly - Kamis
RS1186;CV GLORIA PRIMA;Weekly - Kamis
RS0826;PT THE BARBECUE PLAZA;Weekly - Kamis
RS1377;PT PASIFIK MULTIRASA INDONESIA;Weekly - Kamis
RS1825;PT KULINER DIGITAL SEJAHTERA;Weekly - Kamis
RS0460;PT MITRA SELERA BERSAMA;Weekly - Kamis
RS0935;PT REINS MARINDO INDONESIA;Weekly - Kamis
RS1576;PT EKA BOGA INTI;Weekly - jumat
RS0065;CV SARI RASA NUSANTARA;Weekly - Jumat
RS1384;PT YORKINDO BOGA UTAMA;Weekly - Jumat
RS2322;CV BINTANG CIPTA KULINER;Weekly - Jumat
RS2230;PT HAIDILAO INDONESIA;BULANAN TANGGAL 1-5
PS0784;Momo Boga Sejahtera;Weekly - Senin, WEEKLY - KAMIS
PS0257;PT BAASITHU BOGA SERVICES;Weekly - SENIN
PS0054;SAPTA DWI PANGAN;Weekly - Senin
PS0985;PT INDO BOGA KARYA;Weekly - SENIN
PS0235;SUTRISNO;Weekly - SENIN
PS0189;CAKE HOUSE;Weekly - Senin
PS0639;PT. DPO INDONESIA;Weekly - SENIN
PS0909;ABHINAYA PRABAWA SUPALA;Weekly - SENIN
PS1039;TOSERBA GADING SERPONG;Weekly - Selasa
PS0190;PT. MULTI MAKMUR ABADI;Weekly - Selasa
RS2754;BHAGA SUKHA NUSANTARA;Weekly - Selasa
PS0254;PT. ABBA PURI SENTOSA;Weekly - Selasa
RS2880;PT. MEGA GEMILANG SENTOSA;Weekly - Selasa
PS0385;PT SUVARNA LAND;Setiap tanggal 5 dan 20
PS0302;WIDIMAN;Weekly - Selasa
ps0371;CV DUNIA RASA;Weekly - Selasa
PS0349;PT ALPHA QUEST INTERNATIONAL;Weekly - Selasa
PS0662;PT. INARA KULINA PURA;Weekly - Selasa
UM0256;PT.LARISINDO SUKSES GEMILANG;Weekly - Selasa
PS0671;CV AMANI RASA KULINA;Weekly - Selasa
CT0139;NAMIRA;Weekly - Selasa
PS1166;PT EMINA CHEESE INDONESIA;Weekly - Selasa
RS2874;PT. TUJUH RITEL INDONESIA;Weekly - Selasa
RS3010;PT. TUJUH BOGA MAKMUR;Weekly - Selasa
RC0133;FORTUNA PRIMA INSANI;Weekly - Rabu
PS0308;ADINDA FITRANIA;Weekly - Rabu
CT0013;GANDRUNG PRIMA;Weekly - Rabu
MN0006;CV. USAHA SUKSES BERSAMA;Weekly - Rabu
PS0358;PT EXQUISE BOGA MULIA;Weekly - Rabu
PS0284;ANGGA FAJRIAN GUMILAR;Weekly - Rabu
PS0606;PT SAUSALITO INDO KULINER;Weekly - Rabu
PS0985;PT. INDO BOGA KARYA;Weekly - Rabu
PS0165;PT. ATHALIA NITYA ISTI;Weekly - Rabu
PS0163;PT. AGRAPANA NITYA ISTI;Weekly - Rabu
PS0307;INDRA IRAWAN;Weekly - Rabu
PS0062;PT. KREASI UNGGUL EKAKARSA;Weekly - Rabu
PS0088;DODDY SETYOBUDI;Weekly - Rabu
PS0413;CV WULAN SARI JAYA;Weekly - Rabu
UM0767;MUHAMMAD IQBAL KAMAL;Weekly - Rabu
PS0832;PT SAPTA NUANSA OPTIMA;Weekly - Rabu
PS0061;PISTORIA PASTRY SUPPLIES & KITCHEN;Weekly - Rabu
PS1146;CV. KATRINA JAYA MAKMUR;Weekly - Rabu
PS0602;PT PLATARAN BOGA RASA;Weekly - Rabu
PS0932;MITRA NATURA RAYA;Weekly - Kamis
PS0566;ORPIORA ENAS BERMENOV;Weekly - Kamis
PS0282;FEBIANA INDANI DARMOSUSILO;Weekly - Kamis
PS0052;GUNAWAN SANTOSO;Weekly - Kamis
PS0571;KOPINDO MITRA JAYA;Weekly - Kamis
RS1182;YULIANA NATHALIA TARIGAN;Weekly - Kamis
DS0243;MULIA KENCANA LESTARI;Weekly - Kamis
CT0196;CV KENANGA;Weekly - Kamis
RC0134;PT MOSKA INDONESIA PRATAMA;Weekly - Kamis - Jum'at
PS0124;PT. SUMBER NATURAL INDONESIA;Weekly - Kamis
PS0207;TAM ABDUL MAJID;Weekly - JUMAT
PS0768;PT GAYA BOGA SUKSES;Weekly - JUMAT
PS1128;PT. ANUGRAH CITARASA;Weekly - JUMAT
PS0468;GAYA BOGA SUKSES;Weekly - JUMAT
CT0087;MAWARTRI MUKTIREKSA;Weekly - JUMAT
PS0972;DAPOER REKA BOGA;Weekly - JUMAT
PS0427;PT INDO FRESCO NUSANTARA;Weekly - JUMAT
PS0070;CV. TRADISIONAL SNACK;Weekly - JUMAT
UM0234;PT. KARUNIA JAYA LAKSANA;Weekly - JUMAT
CT0025;MARIA VIANTINI CATERING;Weekly - JUMAT
PS0799;PT PESCA ANUGERAH SEJATI;Weekly - JUMAT
RS2682;LOKAL SINTESA DARMA;Weekly - JUMAT
UM0069;ACHMAD ANDHIKA DARWIN;Weekly - JUMAT
PS0631;LILIS SUMIATI;Weekly - JUMAT
PS0401;YOSEP LEONARDI;Weekly - JUMAT
DS0260;PT. EMPU ANEKA PANGAN;Weekly - JUMAT
PS0181;HO TJIUK LAN;Weekly - JUMAT
CT0206;PT ANDARA PANGAN SUKSES;Weekly - JUMAT
PS0309;DEWI NOER AINI;Weekly - JUMAT
UM0329;PT. BREAD MART INDONESIA;Weekly - JUMAT
PS0889;CV AGATHA SEMESTA HARMONIS;Weekly - JUMAT
PS0181;HO TJIUK LAN;BULANAN
PS0531;ALAN DARMA SAPUTRA;TIDAK TUKAR FAKTUR
PS0591;VIKING VISKAR;TIDAK TUKAR FAKTUR
RS2842;PT SUMBER DAYA PERKASA;TIDAK TUKAR FAKTUR
PS0664;PT SAN NICOLA INDONESIA;TIDAK TUKAR FAKTUR
PS0629;YOYOK SUGIANTO;TIDAK TUKAR FAKTUR
PS0051;DWI PRIYONO;TIDAK TUKAR FAKTUR
PS1133;CV. HARMONI BOGA JAYA;TIDAK TUKAR FAKTUR
PS0730;BOPPAN COFFEE & FRUIT TEA;TIDAK TUKAR FAKTUR
PS0375;ARLINA;TIDAK TUKAR FAKTUR
PS0710;OON SAONI;TIDAK TUKAR FAKTUR
PS0575;RONNY RACHMAN;TIDAK TUKAR FAKTUR
PS0311;FUAD ADAM;TIDAK TUKAR FAKTUR
PS0255;AHMAD FADHLI;TIDAK TUKAR FAKTUR
UM0339;SUNARJO APRIJANTO;TIDAK TUKAR FAKTUR
PS0037;BAKING DAILY;TIDAK TUKAR FAKTUR
PS0535;HERMAN WIJAYA;TIDAK TUKAR FAKTUR
PS0791;PT ALFA BETA ABADI;TIDAK TUKAR FAKTUR
PS0523;TUNGKY NOVIA HARTI;TIDAK TUKAR FAKTUR
PS0073;TAUFIK HIDAYAT;TIDAK TUKAR FAKTUR
PS0608;KARYA MUDA BERSAMA;TIDAK TUKAR FAKTUR
PS0654;EDO BRAMANTA GUNAWAN;TIDAK TUKAR FAKTUR
PS0245;SULISTIO SEPTIONTORO;TIDAK TUKAR FAKTUR
PS0125;SUTINO;TIDAK TUKAR FAKTUR
PS0843;PT ROTI INDONESIA SATU;TIDAK TUKAR FAKTUR
PS0887;PT TRIJUNA TERANG TERGANA;TIDAK TUKAR FAKTUR
PS0467;FAJAR ANGGORO;TIDAK TUKAR FAKTUR
PS0714;REZA PAHLEVI;TIDAK TUKAR FAKTUR
PS0335;NASIR IDRUS;TIDAK TUKAR FAKTUR
PS0383;JENIWATI ROESTI;TIDAK TUKAR FAKTUR
PS0521;JUSTIAN DAIMAN;TIDAK TUKAR FAKTUR
RS2986;MAHAKARYA CITA RASA;TIDAK TUKAR FAKTUR
PS0347;URSULA YUNITA;TIDAK TUKAR FAKTUR
PS0894;ANDRI ADHIKAPRASETYO;TIDAK TUKAR FAKTUR
PS0652;PT SEIDAI KIBO NUSANTARA;TIDAK TUKAR FAKTUR
RS2745;PT. SATRIA INTEGRA SEJAHTERA;TIDAK TUKAR FAKTUR
PS0544;ADISTI BUNGA PRAVITASARI;TIDAK TUKAR FAKTUR
PS1058;BOGA CIPTA JASA;TIDAK TUKAR FAKTUR
DS0219;TIGA SAUDARA INDONESIA;TIDAK TUKAR FAKTUR
PS0854;PT BOGAJAYA SUKSES PERKASA;TIDAK TUKAR FAKTUR
RS2172;NIKCOLAS JAYA;TIDAK TUKAR FAKTUR
HT0185;PT HILSCO ARTHA MAS;Weekly - Senin
HT0258;PT. MERLYNN PARK HOTEL;SENIN - PER 2 MINGGU - TUNGGU JADWAL
HT0222;PT. DWI MUKTI MITRA WISATA;Weekly - Senin
HT0255;PT. BALAIRUNG CITRA SUMBAR;Weekly - Senin
HT0058;PT MANDIRI MAJU KELOLATAMA;Weekly - Selasa
HT0046;PT JAKARTA INTERNATIONAL HOTEL;Weekly - Selasa
HT0022;PT CENTRAL PESONA PALACE;Weekly - Selasa / Jumat
HT0234;PT. CITRA KIRANA PANTAI;Weekly - Selasa
HT0251;PT SOLITAIRE HOTEL INDONESIA;Weekly - Selasa
HT0270;PT SURYA INTERNUSA HOTEL;Weekly - Selasa
HT0190;PT LOKA ASRI;Weekly - Selasa Minggu 2 & 3
HT0284;PT MERDEKA RONOV HOTEL;Weekly - Selasa
HT0295;PT PESONA INDAH SELARAS;Weekly - Selasa
HT0274;PT MITRA PERSADA KELOLA;KIRIM POS BARENG PENGIRIMAN
HT0329;PT MITRA VISI INDAH;Weekly - Selasa
HT0277;PT PERMATA BEKASI SUKADANA;Weekly - Selasa
HT0162;PT GRAHA PAKUBUWONO;Weekly - Selasa
RS1591;PT BENWIKA ANDIGUNA PRIMA;Weekly - Selasa
HT0351;PT TANINDO CITRA LESTARI;Weekly - Selasa
HT0349;PT. SENTRAL AGUNG INDAH;Weekly - Selasa
HT0278;PT. SURYA MUTIARA KENCANA PRATAMA;Weekly - Selasa
HT0070;PT PARAMOUNT PROPERTINDO;Weekly - Rabu
HT0018;PT BUANA SUBUR LESTARI;Weekly - Rabu
HT0273;PT. MEKAR PRANA INDAH;Weekly - Rabu
HT0026;HOTEL OLIVE;WEEKLY - RABU Minggu ke 4
HT0272;PT. BINA GRAHA MAKMUR;Weekly - Rabu ada jadwal nya
HT0316;PT COZMO MENTENG;Weekly - Rabu
HT0203;PT AGUNG PERTIWI NAULI;Weekly - Rabu
HT0327;PT MORITZ SUKSES INTERNATIONAL;Weekly - Rabu
RS1003;PT TAMAN IMPIAN JAYA ANCOL;Weekly - Rabu
HT0006;PT METROPOLITAN REALTY INTERNATIONAL;Weekly - Rabu
HT0297;PT ESTA ASRI PROPERTINDO;Weekly - Rabu
HT0102;PT GLOBAL ARTA BERJAYA;Weekly - Rabu
HT0068;PT NURTIRTA NUSA LESTARI;Weekly - Rabu
HT0097;PT WIJAYA WISESA BAKTI;WEEKLY - RABU
HT0045;PT. INNOVINDO SUKSES ABADI;Weekly - Kamis
HT0205;PT. HARAPAN GRAHA NIAGA;Weekly - Kamis
HT0291;PT HOTEL PROPERTI INTERNATIONAL;Pos
HT0124;PT. SEGITIGA PLAZA HOTEL;Weekly - Kamis
HT0156;PT SINAR BAHANA MULYA;Weekly - Kamis
HT0114;PT METROPOLITAN LINGGA JAYA;Weekly - Kamis
HT0193;PT MULIA COLLIMAN INTERNATIONAL;BARENG PENGIRIMAN
HT0031;PT. GRAHA ANDRASENTRA PROPERTINDO;BARENG PENGIRIMAN
RS0481;PT NUSAPLAZA INTERNATIONAL HOTEL;Weekly - Kamis
HT0065;PT MULIA INTAN LESTARI;Weekly - Kamis
HT0332;PT CITRA KIRANA HIJAU;Weekly - Kamis
HT0323;PT. LORENA LATERSIA PROPERTI;BARENG PENGIRIMAN
HT0290;PT KURETAKESO HOTEL INDONESIA;Weekly - Kamis
HT0276;PT GRAHA MANDIRI MAKMUR;WEEKLY - KAMIS minggu 2 dan 4
HT0048;HOTEL MERCURE SABANG;Weekly - Kamis
HT0305;PT RASUNA RESIDENCE DEVELOPMENT;Weekly - Kamis
HT0021;PT CAHAYA GRAHA KENCANA;WEEKLY - KAMIS MINGGU 1 DAN 3
HT0083;PT. SHANSUI KARYA BANDARA;Weekly - Kamis
HT0343;PT TAMARINDO NUSA HOTEL;Weekly - Kamis
HT0144;PT. OASIS HOTEL BOGOR;BARENG PENGIRIMAN
HT0346;PT GRIYA UPAJIWA;Weekly - Kamis
HT0279;PT MNC LAND;Weekly - Kamis
HT0016;PT BENIKA PRIMA LOKA;Weekly - Jumat
HT0187;PT GRAHA THAMRIN PROPERTINDO;Weekly - Jumat
HT0194;PT. IMESCO SEJAHTERA UTAMA;PER 2 MINGGU - Jumat
HT0062;PT. MERLYNN PARK HOTEL;Per 2 MINGGU - JUMAT
HT0061;PT THE HERMITAGE HOTEL;JUMAT
HT0301;PT MITRA GRAHA ANDALAN;WEEKLY - JUMAT
HT0056;PT LIPPO KARAWACI;Bulanan - WEEKLY - RABU Minggu 2
HT0027;PT GESIT SARANA PERKASA;BULANAN TGL 1-10
HT0113;PT MENARA PENINSULA;BULANAN
HT0075;PT PLAZA INDONESIA REALTY TBK;BULANAN
HT0168;PT PARAMOUNT PROPERTINDO;BULANAN PERTANGGAL 05 & 20
HT0169;PT PARAMOUNT PROPERTINDO;WEEKLY - KAMIS MINGGU 2 DAN 4
HT0167;PT LIPPO KARAWACI;BULANAN -  WEEKLY - SELASA
HT0353;PT LINTANG BUWANA EKATRA;PERTANGGAL 05 & 20
RS1128;PT RASUNA SETIABUDI RAYA;pertanggal 17 dan 28
HT0091;PT SURYAMAS DUTAMAKMUR;POS
HT0158;PT PURI DIBYA PROPERTI;POS
HT0184;PT. WISMA KARAWANG;POS
HT0259;PT MNC LIDO;POS
HT0312;PT ANYER BERKAT LESTARI;POS
HT0321;PT CILEGON PROPERTI SEJAHTERA;POS
HT0334;PT KUSUMA JAYA INDAH;POS
HT0348;PT DWI PUTRI SELARAS;POS
HT0103;PT. GRAHAWITA SANTIKA;PERTANGGAL 5 DAN 20
HT0201;PT GRAHA WAHANA NUSANTARA;BARENG PENGIRIMAN
HT0241;PT. KHARISMA JAWARA ABADI;BARENG PENGIRIMAN
HT0067;PT. MUTIARA PERMATA MULIA;BARENG PENGIRIMAN
HT0073;PT PERMATA BIRAMA SAKTI;BARENG PENGIRIMAN
HT0119;PT PRIMA ADHITAMA INTERNATIONAL;BARENG PENGIRIMAN
UM0191;PT. INSAN ASIA NUSANTARA;BARENG PENGIRIMAN
HT0128;PT. SURYALAYA ANINDITA INTERNATIONAL;EMAIL
HT0261;PT. PUTRA ADHI PRIMA;POS
HT0001;PT ALTAR FILADELFIA;WEEKLY
HT0003;CV. SUNRISE BOGA;WEEKLY
HT0008;ASTON HOTEL CENGKARENG;BULANAN
HT0017;PT. BOGOR RAYA DEVELOPMENT;WEEKLY
HT0023;DELTASARI ADIPRATAMA;SEBULAN 2 KALI/KWITANSI 1- 15 & 16- 31
HT0030;PT GLOBAL SOLUSI NUSANTARA;WEEKLY
HT0037;PT GRAND INDONESIA;Weekly - Senin dan Jumat Jam 10 - 12
HT0038;PT GRAND KUNINGAN;WEEKLY
HT0039;PT. INTERNUSA JAYA SEMESTA;WEEKLY
HT0040;PT GRAWITA INDONESIA INDAH;Weekly - Minggu ke 2 dan ke 4
HT0041;PT HALIM BANGUN SARANA INDAH;WEEKLY
HT0043;PT HOTEL SARANA SIRKUITINDO;WEEKLY
HT0047;PT. JAKARTA PROPERTINDO;TUKER FAKTUR SEBULAN 2 KALI / ADA TANGGALNYA
HT0052;PT. KARYA PROPERTINDO INVESTAMA;WEEKLY
HT0063;HORISON HOTEL BEKASI;WEEKLY
HT0069;PT PADMA SUASA;BULANAN
HT0076;PT. PRIMA CIPTA SENTOSA;WEEKLY
HT0078;PT SANGGRAHA NUSA RAYA;BULANAN - MINGGU 1 DAN MINGGU 2
HT0079;PT SARIARTHAMAS HOTEL INTERNATIONAL;WEEKLY
HT0082;PT SETIA MERANTI;WEEKLY
HT0087;PT SUMMARECON HOTELINDO;BULANAN
HT0088;PT SUNTER LAKESIDE HOTEL;WEEKLY / MINGGU KE 2 DAN KE 4
HT0098;PT. ADHI PUTRA MULIA;BULANAN
HT0101;PT CIPUTRA SENTRA;WEEKLY
HT0106;PT INDOBUILDCO;BARANG PENGIRIMAN
HT0107;PT JAVA PARADISE ISLAND;BULANAN
HT0108;PT JAYA MANDARIN AGUNG;WEEKLY
HT0110;PT LINGGA HAMPARAN KRIDA;BULANAN
HT0111;PT MAHAKAM EKAGRAHA;WEEKLY
HT0115;PT. MILLENIUM SIRIH JKT HOTEL;BULANAN
HT0120;PT PURI DHARMAWANGSA;WEEKLY
HT0129;PT SWADHARMA KERRY SATYA;SEBULAN 2 KALI TUNGGU RINCIAN
HT0131;LE MEREDIEN;WEEKLY
HT0132;PT WISMA NUSANTARA INTERNATIONAL;WEEKLY
HT0133;PT RASUNA RESIDENCE DEVELOPMENT;WEEKLY
HT0137;PT SUMMARECON HOTELINDO;BULANAN
HT0141;PT SENAYAN TRIKARYA SEMPANA;BULANAN
HT0146;PT CIPUTRA ADIGRAHA;WEEKLY
HT0147;MERAPI MERBABU;WEEKLY
HT0148;PT WAHANA RAYA;WEEKLY
HT0159;PT. NUSA PRATAMA PROPERTY;WEEKLY / TUKER FAKTUR PAKE AMPLOP
HT0160;PT. VISI UTAMA INDONESIA;WEEKLY
HT0164;PT. PRISMA ROYAL HOTEL;WEEKLY
HT0174;PT SHIMA GRAHA UTAMA;SEBULAN 2 KALI / MINGGU KE 1 DAN KE 3
HT0176;GRAHA SIMATUPANG PROPERTINDO;SEBULAN 2 KALI / KWITANSI JADI 1
HT0179;PT. MEGAH MITRA SUKSES;WEEKLY
HT0182;PT. ARTISAN WAHYU;MONTHLY
HT0183;PT. MAKMUR ABADI MULIA;WEEKLY
HT0188;PT AMARYLLIS WIJAYA;WEEKLY
HT0191;PT. SENTUL DAMAI RESORT;WEEKLY
HT0192;PONDOK INDAH TOWER;JUMAT
HT0197;PT GREENLAND RAJAWALI UTAMA;MONTHLY
HT0208;PT HOTEL UTAMA BEKASI;WEEKLY
HT0209;PT MAHKOTA DUTA BINTANG JAYA;WEEKLY
HT0212;PT GRAHAWITA SANTIKA;TUKAR TIAP tgl 3 & 17
HT0216;PT GUNUNG ANSA;WEEKLY
HT0223;PT. SUMAMPAU HOTEL DAN RESORT;Monthly - Minggu ke 1
HT0225;SAHID HOTEL CIKARANG;MONTHLY
HT0236;PT ISTANA ALAM RAYA;WEEKLY
HT0242;PT. SENTUL CITY TBK;WEEKLY
HT0244;PT TRIKARYA IDEA SAKTI;WEEKLY
HT0246;PT SINAR RAJAWALI;Weekly
HT0257;PT LIEBRO SEJAHTERA;WEEKLY
HT0262;PT. PONDOK INDAH HOTEL;SEBULAN 2X MINTA RINCIAN DULU
HT0268;PT DUTA ANGGADA REALITY;WEEKLY
HT0271;PT MENSANA ANEKA PROPERTI;MINGGU KE 2 DAN KE 4
HT0281;PT GRAHA KARTIKA ANUGERAH;MINGGU KE 2 & 3
HT0292;PT KARAWANG CITY DEVELOPMENT;WEEKLY
HT0293;PT WIJAYA KARYA REALITY;WEEKLY
HT0304;PT BUANA BOTANI ELOK;WEEKLY
HT0308;PT MAMBRUK CIKONENG INDONESIA;WEEKLY
HT0325;PT WIJAYA KARYA BANGUNAN GEDUNG TBK;WEEKLY
HT0317;KERJA SAMA OPERASI KURNADI SEJAHTERA HOTELINDO;WEEKLY
HT0319;PT. CITRA KIRANA APARTEL;MINGGU 1 DAN 3
HT0320;PT ANUGRAH KARYA BANGSA;WEEKLY / BARANG PENGIRIMAN
HT0322;PT. PSW ANTASARI HOTEL;WEEKLY
HT0324;PT ASIA VAKANSI;WEEKLY
HT0326;PT BETAWI MAJU BERSAMA;WEEKLY
HT0328;PT RASUNA RESIDENCE DEVELOPMENT;RABU MINGGU KE 2 & 3
HT0330;PT KREASI CIPTA KARSA;BARANG PENGIRIMAN
HT0335;PT SINGGASANA MAJU SUKSES;WEEKLY
HT0337;PT GRAHA INDAH BUANATAMA;BULANAN
HT0338;PT JAYA HOTEL LESTARI;WEEKLY
HT0339;PT BUANA SABAS FATTAH;WEEKLY
HT0340;PT MADYA LINGKAR ARTHA;WEEKLY
HT0342;PT MODERN ASIA HOSPITALY;WEEKLY
HT0344;PT MANGGALA AKASHA INDONESIA;WEEKLY
HT0347;PT INNOVINDO KREASI BERSAMA;WEEKLY
HT0354;PT KUSUMA INTI ABADI;WEEKLY / MAUNYA BARANG PENGIRIMAN
HT0356;PT KRAKATAU SARANA PROPERTI;WEEKLY
RS0508;PT PERKASA TUNGGAL MANDIRI;WEEKLY
RS0731;PT STACO GRAHA;MONTHLY
HT0116;PT PERMADANI KHATULISTIWA NUSANTARA;INVOICE BARANG PENGIRIMAN
HT0358;PT. CIKARANG BERKAT MAKMUR;WEEKLY
RS2368;PT CAHAYA PANGAN INDONESIA;Weekly - Senin
RS1940;PT PRIMA LESTARI KOPI BERJAYA;Weekly - Senin
RS0412;PT LEGENDA KULINER;Weekly - Senin
RS2224;PT KAYA SAJI GROUP;Weekly - Senin
RS0496;PT PANCIOUS TIRTA JAYA;Weekly - Senin
UM0396;BUDIJONO TANUDJAJA;Weekly - Senin
RS2185;PT KOLEKTIF SENOPATI INDONESIA;Weekly - Senin
RS1175;PT BERRIEN PARAMA MULIA;Weekly - Senin
RS0587;PT STOKESWOOD RETAIL;Weekly - Senin
RS2017;PT SEDAP RASA SEGALA;Weekly - Senin
RS2344;PT SENANG - SENANG BERHADIAH;Weekly - Senin
RS2500;PT AVANI SIVA PRADANA;Weekly - Senin
RS2592;PT KHARISMA ANUGRAH JAWARA ABADI;Weekly - Senin
RS2296;PT BROOKLYN BOGA UTAMA;Weekly - Senin
RS2614;PT ALAMI SEJAHTERA NUSANTARA;Weekly - Senin
RS2697;PT.OGURINDO SEJAHTERA SELALU;Weekly - Senin
RS2228;PT DWIMITRA SAUDARA MERDEKA;Weekly - Senin
RS2927;PT EMA INTI MITRA;Weekly - Senin
RS2759;PT CHAMP RESTO INDONESIA;Weekly - Senin
RS2021;PT KULNER ARTISAN ITALIA;Weekly - Senin
RS2866;PT ANEKA OASIS INDAH;Weekly - Senin
RS1451;PT NAMU CITA RASA;Weekly - Senin
RC0107;PT RUWANDA SELERA ABADI;Weekly - Senin
RS2637;PT SAS INDOBOGA KULINER;Weekly - Jumat
RS2591;PT SELAMAT MAKAN INDONESIA;Weekly - Senin
RS2998;PT SENA INTI BOGA;Weekly - Senin
OT0112;MEAT & LIVESTOCK AUSTRALIA LIMITED (MLA);Weekly - Senin
RS0320;PT FUJI PERKASA;Weekly - Selasa
RS1233;IPPUDO CATERING INDONESIA;Weekly - Selasa
RS0953;PT. ABADI TUNGGAL LESTARI;Weekly - Selasa
RS0401;PT KILIMANJARO ABADI;Weekly - Selasa
RS2256;PT GEMINI TAURUS BINTANG KULINER;Weekly - Selasa
RS1245;PT MAKANAN LEZAT FOODARTISAN;Weekly - Selasa
RS1235;PT ENAK TAU INDONESIA;Weekly - Selasa
RS0325;PT. GASTRONOMICA INDONESIA;Weekly - Selasa
RS1050;PT SELARAS MITRA MAJU;Weekly - Selasa
RS1998;PT. JASA MAKANAN REZEKI;Weekly - Selasa
RS3107;PT. PRIMA RASA ITALIA;Weekly - Selasa
RC0032;PT. MUARA JUARA KREASI INDONESIA;Weekly - Selasa
RS2152;RONNY ERFANO;Weekly - Selasa
RS0901;CLIQUE KITHEN AND BAR;Weekly - Selasa
RS2245;FORMAGIO BERKAH BOGA INDONESIA;Weekly - Selasa
RS1196;PT. GERAI ADICIPTA INTERNASIONAL;Weekly - Selasa
RS2058;KRISNA INTI PERSADA;Weekly - Selasa
RS1330;PT. BOGA MAKMUR PERKASA;Weekly - Selasa
RS0625;PT. TRISILA WIRA MANDIRI;Weekly - Selasa
RS1994;PT. BERKAH GONBOGA DEBA;Weekly - Selasa
RS0274;PT. CULINA GLOBAL UTAMA;Weekly - Selasa
RS2568;CITRA DUNIA SENTOSA;Weekly - Selasa
RS2566;KOPI KINA INDONESIA;Weekly - Selasa
RS1264;PT. BENGAWAN SOLO COFFEE;Weekly - Selasa
RS2757;PT ANEKA BINTANG GUDANG;Weekly - Selasa
RS2607;PT. CITA RASA EKSKLUSIF;Weekly - Selasa
RS1577;PT. CENDRAWASIH PANGAN SEJAHTERA;Weekly - Selasa
RS2242;PT. BANBAN INDONESIA GEMILANG;Weekly - Selasa
RS0287;PT.DONER CITARASA MEDITERANIA;Weekly - Selasa
RS2492;PT SUPER NORMAL SISTEM LLC;Weekly - Selasa
RS1691;PT. VERANDA PURI RESIDENCE;Weekly - Selasa
RS2232;PT. WYLS KULINA SATU;Weekly - Selasa
RS2317;PT. WOLFGANG STEAKHOUSE INDONESIA;Weekly - Selasa
RS2809;PT SYIRKAH BOGA BERKAH;Weekly - Selasa
RS2875;PT SUMBER RASA JAYA;Weekly - Selasa
RS2194;PT BOGA SEJAHTERA BERSAMA;Weekly - Selasa
RS0505;PT PELITA BOGA SEJAHTERA;Weekly - Selasa
RS0504;PT PELITA BOGA LESTARI;Weekly - Selasa
RS2915;PT WANG SUKSES ABADI;Weekly - Selasa
RS2940;PT IDE SELERA NUSANTARA;Weekly - Selasa
RS2958;PT RUMAH PERI CIPTARASA;Weekly - Selasa
RS2972;PT ENTRA DANA PERKASA;Weekly - Selasa
RS3063;PT. PASTI BISA LAH;Weekly - Selasa
RS1942;PT INDAH MAMIN INDONESIA;Weekly - Rabu
RS0218;BINA SARANA SENTOSA;Weekly - Rabu
RS2270;PT ANIMALE KULINER INDONESIA;Weekly - Rabu
RS0983;PT. GILA MAKAN ENAK;Weekly - Rabu
RS1010;PT. BERKAT BOGA SENTOSA;Weekly - Rabu
RS1848;PT. MARQUEE CENTRAL BISNIS;Weekly - Rabu
RS1944;FRANKY ANGKAWIJAYA;Weekly - Rabu
RS1028;PT. SENTRAL AL-JAZEERAH;Weekly - Rabu
RS1990;INTAN SRIWAHYUNI;Weekly - Rabu
RS0621;PT. TOSUNG SEVEN STARS F&B;Weekly - Rabu
RS1715;CV BERKAT BOGA MAKMUR;Weekly - Rabu
RS2293;PT. KOPI UTAMA INDONESIA;Weekly - Rabu
RS2725;PT PESONA DARI TIMOR;Weekly - Rabu
RS3034;PT PESONA TIMUR SEJATI;Weekly - Rabu
RS2294;PT. KOPI INTERNASIONAL INDONESIA;Weekly - Rabu
RS2111;PT INTRO BISTRO CAFE;Weekly - Rabu
RS2633;PT INTRO BISTRO RESTO;Weekly - Rabu
RS0081;RIKO TANSIL;Weekly - Rabu
RS0193;PT. API METRA BOGA;Weekly - Senin
RS1278;PT. TIGA ROTI PERDANA;Weekly - Rabu
RS1479;PT. TIGA ROTI PERDANA;Weekly - Rabu
RS1515;PT. BIKO INDONESIA;Weekly - Selasa, Rabu, dan Kamis
RS1524;PT. PAREWA NUSA PELITA;Weekly - Rabu
RS1997;GAVIN LINGGA JUNIARDI;Weekly - Rabu
RS2903;PT. BOTTEGA EDESIA CITRA;Weekly - Rabu
RS0655;ZENSHO INDONESIA;Weekly - Rabu
RS1276;INDRAWATI MOERTI;Weekly - Rabu
RS2578;CV NASAA PANGAN UTAMA;Weekly - Rabu
RS2574;PT. MASAKAN ANAK BANGSA;Weekly - Rabu
RS2562;CV KREASI SUMBER MAKMUR;Weekly - Rabu
RS2735;PT SAMUDERA PANGAN ABADI;Weekly - Rabu
RS1370;PT. SELERA SUKSES PRATAMA;Weekly - Rabu
RS1554;PT MARCHE INTERNATIONAL;Weekly - Rabu
RS2833;PT KICHIRI RIZKI ABADI;Weekly - Rabu
RS2831;PT KICHIRI RIZKI ABADI;Weekly - Rabu
RS2844;PT ANUGERAH DAGANG (switch ka eva);Weekly - Senin
RS1806;BETHADITYA ADHISATRYA (switch ka eva);Weekly - Rabu
RS2846;PT KOREAN FNB INDONESIA;Weekly - Rabu
RS2909;PT GITA DJOEANG SEJAHTERA;Weekly - Rabu
RS2894;PT SEHAT SEGAR SENANTIASA;Weekly - Rabu
RS3071;PT YANG PENTING CUAN;Weekly - Rabu
RS2963;PT YOUGDAERI PANGAN UTAMA;Weekly - Senin
RS2930;PT MDA IRONPLATE KUNINGAN;Weekly - Rabu
RS3008;PT BOGA CROISSANT INDONESIA;Weekly - Senin
RS2979;PT PETIQ BERKAT BERSAMA;Weekly - Rabu
RS1942;PT. SUPER POTATO INDONESIA;Weekly - Kamis
RS0267;PT. COZMO SERVICED APARTMENTS;Weekly - Kamis
RS1891;SELERA CITRA MAS;Weekly - Kamis
RS1673;IRWAN RIANTO SAMARIF;Weekly - Kamis
RS1389;PT. MORADI;Weekly - Kamis
RS1623;RUMAH DAGING / SONY;Weekly - Kamis
RS2157;THOMSON EDISON;Weekly - Kamis
RS2743;PT FUJIN SUMBER RASA;Weekly - Kamis
RS0566;PT. SELERA SARAPAN SEDUNIA;Weekly - Kamis
RS1649;PT. JALINMITRA SUKSES BERSAMA;Weekly - Kamis
RS0515;PT PRESTASI LANCAR ABADI;Weekly - Kamis
RS0764;RONNY WAZIER;Weekly - Kamis
RS1967;DELAPAN PRIMA MANDIRI;Weekly - Kamis
RS2652;PT. BOGA PRIMA NUTRINDO;Weekly - Kamis
RS1620;PT.PARAMITA INTI UTAMA;Weekly - Kamis
RS2236;PT. TRIWAT MITRA KULINER;Weekly - Kamis
RS2676;PT LOYAL MAJU BERSAMA;Weekly - Kamis
RS2252;PT SOC ANUGRAH INDONESIA;Weekly - KG WEEKLY - KAMIS. PANGPOL JUMAT
RS3030;PT FEDWELL SEHAT SEJAHTERA;Weekly - Kamis
RC0099;PT BOGA PENDEKAR INDONESIA;Weekly - Kamis
RS2825;PT CAKRAWALA MITRA ANUGERAH;Weekly - Kamis
RS2563;PT KISAH RASA INDONESIA;Weekly - Kamis
RS1324;PT LUCKY SAMUDRA PRATAMA;Weekly - Kamis
RS1640;H. ISWADI;Weekly - Jumat
RS1120;PT. CITRA ANGSANA PERKASA;Weekly - Jumat
UM0186;FORTUNA PACIFIC;Weekly - Jumat
RS0039;CV. CAHAYA SAKTI;Weekly - Jumat
RS2677;PT TORO FOOD INDONESIA;Weekly - Selasa
RS2699;PT.ADHIBOGA VISI PRAKARSA;Weekly - Jumat
RS1985;PT PIONEERINDO GOURMENT INTERNATIONAL TBK;Weekly - Jumat
RS1480;HARUM RAHAYU CITRA;Weekly - Jumat
RS1697;PT. SATE TAICHAN GORENG;Weekly - Jumat
RS2778;PT MURINO BERJAYA INDONESIA;Weekly - Jumat
RS1495;PT. ASIA PREMIER JAYA FOOD;Weekly - Selasa mggu 2 dan 4
RS0245;PT. CASSIS;Weekly - Senin mnggu 1 dan 3
RS0236;PT. BROSCO CITARASA MANDIRI;Weekly - minggu kedua dan keempat setiap jumat
RS0237;PT. BRYTHA INDONESIA;Weekly - minggu kedua dan keempat setiap jumat
RS1445;PT LIMA DUA LIMA TIGA, TBK;Weekly - minggu kedua dan keempat setiap WEEKLY - SELASA
RS2035;PT IZUMIDA SUKSES BERJAYA;Weekly - Setiap tanggal 1 dan 16
RS1214;48 DIMSUM INDONESIA;Weekly - Setiap tanggal 1 dan 15 bulan berjalan
RS2711;PT. SABIKA PANGAN NUSANTARA;Weekly - minggu pertama dan ketiga setiap WEEKLY - RABU
RS1145;PT. BOGA MULIA INDONESIA;Weekly - Setiap tanggal 5,15,25 bulan berjalan
RS0388;PT. KARYA INDO SELERA;Weekly - Setiap tanggal 5,15,25 bulan berjalan
RS0938;PT SEJUTA RASA CARPEDIA;Weekly - Setiap tangal 1 dan 15 bulan berjalan
RS1669;PT APC INTERNATIONAL INDONESIA;Montly - awal bulan sebelum tanggal 8
RS1166;PT BAKOEL RETAIL INDONESIA;Weekly - bulanan sebelum tanggal 13 setiap senin
RS0129;MARUFUKU RETAURANT 1;Weekly - Selasa
RS1797;PT. TALENTA GELORA SERAFIM;Weekly - Rabu
RS1041;PT GRAHA KOPI JAYA  (BP);Weekly - Selasa
RS0201;PT. ASIAMADYA SELARAS;Weekly - SENIN
RS0209;PT. BALDMAN GROUP;Weekly - SENIN
RS2710;PT. LEOGART CAKRA BOGA;Weekly - SENIN
RS0744;PT ROEMAH REMPAH KULINER;Weekly - MINGGU PERTAMA SENIN
RS0843;PT. FASTFOOD INDONESIA Tbk.;Weekly - Senin
RS0925;PT. PETRUK DELIMA MAJU;Weekly - Senin
RS1139;SILOKANANTA CV;Weekly - Senin dan Jumat
RS1247;CV. YOI INDONESIA;Weekly - Senin
RS1518;PT. SANGGADAYA KALATRAYA;Weekly - Senin
RS1819;PT SINAR RASA CEMERLANG;Weekly - Senin
RS1932;PT INFINITI SOLUSINDO INDONESIA;Weekly - Senin
RS2122;PT PLANETMAS ADIDAYA BOGA;Weekly - Senin
RS2212;PT SINAR RASA ABADI;Weekly - Senin
RS2478;PT. PLANETMAS ADIDAYA DUNIA;Weekly - Senin
RS1859;CV. HOLYCOW BHADRANAYA GRUP;Weekly - Senin dan Weekly - Kamis
RS1907;CV. KULINA BHADRANAYA;Weekly - Senin dan Weekly - Kamis
RS2706;PT. HARUM MARANGGI INDONESIA;Weekly - Senin dan Weekly - Kamis
RS2852;PT SEJAHTERA NIKMAT ABADI;Weekly - Senin
RS2957;PT CIPTA BOGA MAJU;Weekly - Senin
RS2992;CV BERKAT PANGAN MAKMUR;Weekly - Senin
RS0173;PT. ADICIPTA BOGA INTIPRIMA;Weekly - Senin-Jumat jam 13.00-16.00
RS2921;PT GONTRAN CHERRIER INDONESIA;Weekly - senin
RS3019;PT BUMI AKI BOGA;Weekly - Senin
RS0994;PT ISTANA NOODLE HOUSE ;Weekly - Senin
RS0231;HMITRA ANUGRAH (fajar jaya lentera);Weekly - Selasa
RS0392;PT. KASIH AGAPE JAYA;Weekly - Selasa
RS0483;LE-QUARTIER;Weekly - Selasa
RS0539;PT. RELLS KULINER;Weekly - Selasa
RS1135;PT. SPARKLINDO BOGA JAYA;MINGGU KE 2 WEEKLY - SELASA TUKER FAKTUR
RS1183;PT. MAPLE BOGA INDONESIA;Weekly - Selasa
RS1367;PT. SURYA TIRTA HALIM;Weekly - Selasa
RS2280;PT. SURYA TIRTA HALIM;Weekly - Selasa
RS1722;PT.AGRAPANA NIAGA GEMILANG;Weekly - Selasa
RS1857;PT HIJAU KEBUN ASRI;Weekly - Selasa
RS1880;PT.TRIASTA BOGA MANDIRI;Weekly - Selasa dan Jumat
RS1987;CARISSA VASHTI PUSPO WIDJOJO;Weekly - Selasa
RS1999;PT ISABOGA INDO KULINER;Weekly - Selasa
RS2087;PT CITARASA KAYU API;Weekly - Selasa
RS2179;PT SATU CITA RASA;Weekly - Selasa
RS2300;CV CAHAYA SINAR MATAHARI;Weekly - Selasa
RS2323;PT Waralaba Sajian Nusantara;Weekly - Selasa
RS2419;PT KAYA ALAM SEJAHTERA;Weekly - Selasa
RS2489;PT ANANDA KREASI SUKSES;Weekly - Selasa
RS2495;PT SELERA PANGAN ASIA;Weekly - Selasa
RS2502;PT. KAMA SAMBOGA GRUP;Weekly - Selasa
RS2571;PT BARTIERIE TEPUNG SAHABAT;Weekly - Selasa
RS2608;PT LIMA MITRA SAHABAT;Weekly - Selasa
RS2609;PT DELI ARTISAN INTERNASIONAL;Weekly - Selasa
UM0790;MARDINSYAH;Weekly - Selasa
RS1615;PT. YAHALA PUTRA NUSANTARA;Weekly - Selasa
RS2669;PT MAPO GALMEGI KUNINGAN;Weekly - Selasa
RS1894;PT. JOE AND DOUGH BOGA INDONESIA;Weekly - Selasa
RS2376;PT. BERKAH ADHIKARI INDONESIA KREATIF;Weekly - Selasa
RS2575;PT. AGNEYA BAHANA CREASINDO;Weekly - Selasa
RS2810;PT. WELAS ASIH BERKARYA;Weekly - Selasa
RS2494;PT. JAKARTA ARTISAN PANGAN;Weekly - Selasa
RS1614;PT. JAKARTA ARTISAN INTERNATIONAL;Weekly - Selasa
RS2905;PT. DENGAN HARAPAN PASTI;Weekly - Selasa
RS2938;PT MAPO GALMEGIK PIK;Weekly - Selasa
RS1913;PT MAHAKARYA GAYA ANUGRAH;Weekly - Selasa
RS2948;PT ORANG KAYA BAHAGIA;Weekly - Selasa
RS2702;PT PERMATA SARI BOGA;Weekly - Selasa
RS3006;PT WANATA JAYA CIPTA;Weekly - Selasa
RS1450;PT CIPTA REJEKI BERSAMA;Weekly - Selasa
RC0048;PT. KAFE BENE INDONESIA;Weekly - Selasa
RS3018;PT SEGAR PUTRA INDONESIA;Weekly - Selasa
RC0157;PT SEJIWA COFFEEE ADITYAWARMAN;Weekly - Selasa
RS3065;PT DANADIPA SAMBOGA INDAH;Weekly - Selasa
RS3070;PT OMOTESANDO INDONESIA;Weekly - Selasa
RS3035;PT SOOKDAL FOOD INDONESIA;Weekly - Selasa
RS3094;PT KULINER GLOBAL NUSANTARA;Weekly - Selasa
RS0305;PT. EN PRIMA FOOD&BEVERAGE;Weekly - Rabu
RS2011;PT. ANEKA SERBA BOGA;Weekly - Rabu
RS0771;SUSHI BOX / CV. KREASI JAWARA JAYA;Weekly - Rabu
RS0919;PT. SARANA MAKANAN LEZAT;Weekly - Rabu
RS1095;PT. ECHIGOYA INDONESIA;Weekly - Rabu
RS1307;PT. OCEANA PRISMA INDO;Weekly - Rabu
RS1631;ISHAK ROHATA BESTELINE NAPITUPULU;Weekly - Rabu
RS1657;PT.PRIMA GERAK KOTA;Weekly - Rabu
RS1762;PT.JAGOAN KAFE INTERNASIONAL;Weekly - Rabu
RS1839;MALWIN RICHIE KRISNA;Weekly - Rabu
RS1865;PT PRIMA CITRARASA UTAMA;Weekly - Rabu
RS1955;PT AGK PANGAN MAKMUR LESTARI;Weekly - Rabu
RS2028;PT CEMERLANG HOKI BERSAMA;Weekly - Rabu
RS2334;PT SURYAKALA TIMUR KIRANA MARTA;Weekly - Rabu
RS2447;PT SUMBER TRI JAYA;Weekly - Rabu
UM0672;PT ABC COOKING STUDIO INDONESIA;Weekly - Rabu
RS2432;PT. INDO BELGIA BOGA;Weekly - Rabu
RS1016;PT. BUMI BERKAH AGRO INDONESIA;Weekly - Rabu
RS1542;PT. SUKSES KARYAKITA BERSAMA;Weekly - Rabu
RS1991;PT. AMBER BERKAT INTERNUSA;Weekly - Rabu
RS0521;PT. PRIMA PERKASA GLOBALINDO;Weekly - Rabu
RS0486;PT. OGO MAS;Weekly - Rabu
RS2734;PT. BOGA SENI SEJAHTERA;Weekly - Rabu
RS0549;PT. SAHABAT PRIMA INTI NIAGA;Weekly - Rabu
ps1117;PT SUNSHINE INTERNATIONAL FOOD;Weekly - Rabu
RS2853;PT. RUMAH TREMEL JAYA;Weekly - Rabu
RS2034;PT. KENCANA ANAKMAS LESTARI;Weekly - Rabu
RS2786;PT. SAMS KARAWACI KOMUNIKA;Weekly - Rabu
RS2068;PT CUAN TANPA HENTI;Weekly - Rabu
RS0645;PT. WIJAYA KULINER;Weekly - Rabu
RS2947;PT. KAY DOT RESTAURANT;Weekly - Rabu
RS0255;PT. CIPTA RETAIL PRAKARSA;Weekly - Rabu
RS2989;PT PASTI CUAN SELALU;Weekly - Rabu
RS2994;PT JAPAN FLOW CORP;Weekly - Rabu
RS2997;PT SUMBER SELERA INDONESIA;Weekly - Rabu
RS1806;BETHADITYA ADHISATRYA WINARNO;Weekly - Rabu
RS2844;PT ANUGERAH DAGANG BERSAMA;Weekly - Rabu
RS3111;PT ANUGERAH DAGANG BERINVESTASI;Weekly - Rabu
RS0283;PT. DHANAJAYA BOGAINDO;Weekly - Kamis
RS0599;PT. SURYA ADHIKARA JAYA;Weekly - Kamis
RS0961;PT. SEDAP MAKMUR SEJAHTERA;Weekly - Kamis
RS1053;PT. KIDETA BOGA MULTIRASA;Weekly - Kamis
RS1191;PT. PAPARAMON INDONESIA;Weekly - Kamis
RS1246;SAFUAN KASNO SOEWONDO;Weekly - Kamis
RS2198;PT GELATO BALI;Weekly - Kamis
RS1599;CV.GEMILANG ANUGRAH SEJAHTERA;Weekly - Kamis
RS2096;RONALD SETIADI TRIWIBOWO;Weekly - Kamis
RS2184;PT KINI SUKSES INDONESIA;Weekly - Kamis
rs2315;PT SEKAI KANKYO INDONESIA;Weekly - Kamis
RS2448;PT FOKUS IFLAMA TERA;Weekly - Kamis
RS2565;PT CICIO INTI SUKSES;Weekly - Kamis
RS2610;PT MARGAUX MAKMUR INDONESIA;Weekly - Kamis
RS2613;PT GUNA KERTA JAYA;Weekly - Kamis
RS2620;PT. NAILI BOGA INDONESIA;Weekly - Kamis
RS2966;PT NEW STAR INDONESIA;Weekly - Kamis
OT0011;PT. SANGGRAHA DAKSAMITRA;Weekly - Kamis
UM0639;PT CIPTA PRIMA MAHAKARYA GADING;Weekly - Kamis
RS2603;PT. MBRONEX BOGA INDONESIA;Weekly - Kamis
RS0635;PT. VISWA INTERNATIONAL;Weekly - Kamis
RS0541;PT. RHEMA BUDIMAN LESTARI;Weekly - Kamis
RS2749;PT. PANGAN LANGGENG YASA;Weekly - Jumat
UM0747;HERY PRIANTO;Weekly - Kamis awal bulan tanggal  5 s/d15
RS2819;PT BERKAH BOGA MANDIRI;Weekly - Kamis
RS2845;PT. GRAN CIPTA CEMERLANG;Weekly - Kamis
RS1334;KHAERUNAS SAYUTI RASYIO;Weekly - Kamis
rs1642;PT. SUMBER PESONA AIR;Weekly - Kamis
RS2281;PT HARITTS KAFE INDONESIA;Weekly - Selasa dan Weekly - Kamis
RS1021;PT. MOTION BLUE INDONESIA;Weekly - Kamis
RS2881;PT. KEDAI FILOSOFI KOPI;Weekly - Kamis
RS2933;PT SHABUJIN MOI KELAPA GADING;Weekly - Kamis
RS0239;PT. BUGI LA BOGA;Weekly - Kamis
RS3023;PT SELERA UTAMA NIKMAT;Weekly - Kamis
RS0727;PT. SEI SUSHIDO JAYA;Weekly- Jumat (SEBELUM TANGGAL 10 TUKER FAKTUR)
RS1187;PT. SAPTA KREASI RASA;Weekly- Jumat
RS1417;PT. DAPUR NGEBUL MAKMUR;Weekly - Jumat
RS1933;PT MAJU MAPAN YIC;Weekly- Jumat
RS2009;PT MULTI BOGA MAKMUR;Weekly- Jumat
RS2080;PT. SARANA TRANSAKSI;Weekly -Jumat
RS2008;PT DAISE RETAIL INDONESIA;Weekly - Jumat
RS2106;DAISEI SELERA INDONESIA;Weekly -Jumat
UM0001;WILLIAM WONGSO KULINER;Weekly - Jumat
RS2118;PT. KOPI MITRA KREASI;Jumat
RS2737;CV. ROOFPARK INTERFOOD MAKMUR;(BOGOR DAN PUNCAK), SUSILO (PIK)
RS2450;PT CAHAYA MAHAKARYA LESTARI;Weekly - Jumat
RS2913;PT. MUSA BOGA INDONESIA;Weekly - Jumat
RS1854;PT. ARTHA KOMUNITAS KITA;Weekly - Jumat
RS2929;PT NATIVE MAKMUR INOVASI;Weekly - Jumat
RS1526;PT LADANG ANUGERAH;Weekly - Jumat
RS3048;PT SUSHIYA SUKSES INDONESIA;Weekly - Jumat
RS2824;PT. TERRA LIVINDO HARMONIS;Jumat
RS3057;PT INDO JEPANG KULINER;Jumat
RS2095;PT GORDI KREASI INDONESIA;JUMAT
RS0733;PT. SURGA MAKMUR LANGGENG;MINGGU PERTAMA WEEKLY - KAMIS
RS2916;PT OBONK WAROENG GROUP;KIRIM POS
RS0315;PT. FOOBE INDO PERSADA;PERTANGGAL 31 OKTOBER TOP JADI 30 HARI
RS0908;PT. GRAHA FOOBE KREASI;TF PER TGL 4 DAN 19
RS1231;PT. FOOBE MEGA KUNINGAN;TF PER TGL 4 DAN 19
RS1029;PT. SUMIYA BOGA LESTARI;SEBELUM TGL 8 (AWAL BULAN)
RS1484;PT. SUMIYA BOGA LESTARI;SEBELUM TGL 8 (AWAL BULAN)
RS2033;PT. SUMIYA BOGA LESTARI;SEBELUM TGL 8 (AWAL BULAN)
RS1573;PT. SUMIYA BOGA LESTARI;SEBELUM TGL 8 (AWAL BULAN)
RS2233;PT. FRASERS HOSPITALITY INVESTMENTS;PER TGL 14 & 25
RS0686;PT. GRAHA SIDANG PRATAMA;TUKAR FAKTUR : DIATAS TGL 7 DAN DIBAWAH TGL 10
DS0293;PT INVESTASI NIAGA ANUGERAH;POS
DS0067;FAJAR JAYA ANUGERAH;WEEKLY - BEBAS
DS0199;PT SUKSES INT ANUGRAH PRATAMA;WEEKLY - BEBAS
DS0264;PT RASKA ANUGERAH UTAMA;WEEKLY - BEBAS
DS0241;PT PRADA NIAGA ANUGERAH;WEEKLY - BEBAS
DS0233;JOINHED NUSANTARA;WEEKLY - BEBAS
UM0073;HIJRAH GIZI HEWANI;WEEKLY - BEBAS
DS0141;PT GIZI PANGAN UTAMA;WEEKLY - BEBAS
UM0449;SARANA INTI PANGAN;WEEKLY - BEBAS
UM0414;PT. SANTOSA AGRINDO;WEEKLY - BEBAS
UM0205;PT. MULWARRA RAYA UTAMA;WEEKLY - BEBAS
UM0228;PT. PUSEMA RAYA UTAMA;WEEKLY - BEBAS
DS0292;PT HOKINDO INTI MAJU;WEEKLY - BEBAS
UM0214;PT. SARANA KULINA INTISEJAHTERA;WEEKLY - BEBAS
UM0064;M ASRI ARIS TRISULISTYO RINI;WEEKLY - SELASA
DS0151;PT KHARISMA CAHAYA ABADI;WEEKLY - SELASA
DS0130;PT JAYA DISTRIBUSI RITEL;WEEKLY - SELASA
DS0256;PT CHARIS BERKAT UTAMA;WEEKLY - SELASA & KAMIS
UM0388;PT. SEGAR BARU ABADI;WEEKLY - SELASA & KAMIS
DS0128;PT GLOBAL MITRA ANUGRAH;WEEKLY - RABU
DS0238;PT WASESA HEWANI ANUGERAH;WEEKLY - RABU
DS0286;PT SENTRAL NIAGA ANUGERAH;WEEKLY - RABU
UM0304;PT. JAYA PERKASA INTERNASIONAL;WEEKLY - KAMIS
DS0103;PT PANEN AGRO LESTARI;WEEKLY - KAMIS
RS2941;PT MITRA BOGA PERSADA;Weekly - Bebas
RC0095;PT BUMI BERKAH BOGA;Weekly - Bebas
UM0735;CALVIN WIDJAJA;Weekly - Bebas
RS2729;PT KULINER NUSA KREASI;Weekly - Jumat
