sapBPCode;Outlet;Outlet Address
RS0002;1863 RESTAURANT & LOUNGE;JLN. MONGINSIDI 79 SOLO(TIMUR STASIUN BALAPAN)
PC0001;ADLER KAFFEE;Jl. Mertolulutan No.30, Purwodiningratan, Kec. Jebres, Kota Surakarta, Jawa Tengah 57128
RS0005;AFTER SIX RESTAURANT;Jl. Kalilarangan No.23, Jayengan, Serengan, Kota Surakarta
HT0036;AGAS INTERNATIONAL HOTEL (PT. NIKI SAMI MULYA INDAH);Jl. Dr. Muwardi No.44Solo
RS0006;AGENK RESTAURANT;JL. BATURETNO - BATUWARNO, WONOGIRI
RS0007;AIRA RESTAURANT THE PARK;Jl. Ir. Soekarno, Dusun II, Madegondo, Kec. Grogol, Kabupaten Sukoharjo
RS0008;AIRU SUSHI RESTAURANT;Jl. Yososdipuro No.21Solo
PC0002;AJAR NGOPI;JL. DOKTOR SUTOMO NO 21 A PENUMPING
RS0010;ALAMAMA RESTO;Jl. Gajahmada No.42, Timuran, Kec. Banjarsari, Kota Surakarta, Jawa Tengah 57131 (depan Hotel Novotel Solo)
HT0033;ALANA SOLO (PT. DELTA MERLIN DUNIA PROPERTI);Jl. Adi Sucipto, Blulukan, Blulukan, Kec. Colomadu, Kabupaten Karanganyar, Jawa Tengah
RS0011;ALFREDO CASUAL KITCHEN;"Ruko Permata Hijau 1 No.52 Purwokerto 53121 UP : BPK. ARIGUNO 0811 2622 322"
RS0009;AL GHUROBA;Jl. Aster Raya, Talang Abang, RT 05/11, Sanggrahan, Kec. Grogol, Kabupaten Sukorharjo, Jawa Tengah 57552, Indonesia
FC0003;ALILA HOTEL SOLO (FoC);JL.SLAMET RIYADI 562 RT 001 RW 001, JAJAR, LAWEYAN, SURAKARTA
HT0030;ALILA HOTEL SOLO (PT. NARENDRA LENTERA ADISAKTI);JL.SLAMET RIYADI 562 RT 001 RW 001, JAJAR, LAWEYAN, SURAKARTA
RS0012;ALL IN DINE;"JL. CIPTO MANGUNKUSUMO NO. 54 (UTARA SOLO PARAGON) SOLO"
HT0037;ALLIUM CEPU HOTEL (PT.GO CELL INTERNATIONAL);Jalan By Pass Cepu, Balun, Cepu, Megal, Balun, Blora, Kabupaten Blora,
HT0039;ALLURA AZANA RESORT (PT. UNGGUL RESIR CEMERLANG);KALISORO RT003 RW003,KELURAHAN KALISOLO KEC.TAWANGMANGU KAB.KARANGANYAR
PC0003;ALMAMATER;Jl. Ir. Sutami No.32, Jebres, Kec. Jebres, Kota Surakarta, Jawa Tengah 57126
HT0034;AMARELLO HOTEL (PT. GUNTUR MADU TAMA);JL.GATOT SUBROTO NO 89 - 103DEPAN SINGOSAREN PLAZA SURAKARTA
RS0013;AMIRA SANDWICH & RESTO;Semanggi, Pasar Kliwon, Surakarta
RS0014;AMY BAKERY;"JL. DUWET RAYA NO.8 LAWEYAN DEKAT UMS SURAKARTA"
RS0365;A PIZZA;JL. MARTADINATA NO 95 SOLO(DEPAN KELURAHAN SUDIROPRAJAN)
RS0366;ARJE'S KITCHEN;"JL. ANTARIKSA 3 KENTINGAN JEBRES (SEBELAH BARAT TEMBOK RSJ SOLO) SURAKARTA"
RS0003;ARMEY KITCHEN;Jl. Yos Sudarso Nonongan No.68, Kemlayan, Kec. Serengan, Kota Surakarta
HT0003;ASTON HOTEL SOLO (PT. DUTA MITRA PROPERTINDO);Slamet Riyadi St No.373, Sondakan, Laweyan, Surakarta City, Central Java 57147
RS0016;ATRIA RESTO & CAFE;"Jl. Kartini No. 33 Solo"
PC0057;AWOR COFFEE KLATEN;Jl. Merbabu No. 5 (Sebelum RS Cakra Husada Klaten) Gayamprit, Klaten Selatan, Klaten
RS0017;AYAM-AYAM RESTO KLATEN;"JLN. SOLO-KLATEN KLATEN"
RS0018;AYAM GEPREK ABANG IRENG;"Jl. Suryo 2 No. 51 A Jebres, Surakarta Jawa Tengah"
RS0019;AYAM GEPREK IBU MUMU;Jl. Sutowijoyo No.39, Penumping, Laweyan, Kota Surakarta, Jawa Tengah 57141
HT0004;AYOM JAVA VILLAGE;Gatak,Gajahan,Colomadu,Kabupaten Karanganyar, Jawa Tengah
HT0020;AZHIMA HOTEL BANDARA;BANDARA ADI SUMARMODAERAH GAGAK SIPAT
HT0005;AZIZA HOTEL;JL. KAPTEN MULYADI NO 115PASAR KLIWONSURAKARTA - 57113
DS0001;AZKAYRA FROZEN;KARANGANYAR
PC0004;BABE'S COFFEE;"Jl. Blewah Raya 1 No. 89, Karangasem, Laweyan Surakarta Dekat kampus 4 kedokteran UMS"
PC0005;BABRAK SPACE;JL. BATURAN RAYA. BATURAN KEC COLOMADU KABUPATEN KARANGANYAR
RS0020;BAKE IT;"JL. HONGGOWONGSO NO.29 (SEBELAH AM PM RESTO) SOLO"
RS0021;BAKERY JENNI;"JL. URIP SUMOHARJO NO.102 SOLO"
DS0002;BANDAR AA;"JL. ADI SUCIPTO NO.180 SOLO"
UM0020;BAPAK AJIB;"JL.SEMANGGI RT/3 RW/3 pasar kliwon (Lampu merah pasar kliwon ke Timur)"
UM0002;BAPAK ALEX;SOLO
UM0040;BAPAK ANGGA;SOLO
UM0001;BAPAK HARTONO;SOLO
UM0003;BAPAK JOKO SLAMETO;Jl. Pattimura No. 153 SerenganSolo Jawa Tengah
UM0004;BAPAK RONI;SOLO
UM0021;BAPAK SIGIT;SOLO
UM0005;BAPAK WIJIYANTO;PERUM GRIYA KENCANA I/B4 GUMPANG KARTASURA
RS0022;BARON HOUSE;Jl. Srinarendro No.3, Bumi, Kec. Laweyan, Kota Surakarta, Jawa Tengah 57148
HT0006;BARON INDAH HOTEL;Jl. Dr. Radjiman No.392, Laweyan, Kota Surakarta, Jawa Tengah 57141
RS0023;BBQIU FUSION GRILL HOUSE;Purwosari, Laweyan, Surakarta
DS0003;BEANS AND CO;Jl. Padmonegoro No.44, Danukusuman, Kec. Serengan, Kota Surakarta
DS0004;BEEF BRO MEATSHOP SOLO;JL.RAYA SOLO BAKI NO A5 SUKOHARJO JAWA TENGAH
RS0024;BEE SQUARE;JALAN PAKEL NO NO 40 BELAKANG FAVE HotelMANAHAN SOLO
PC0007;BENOWO KOPI;Jl. Adi Sucipto No.117 JajarKec. LaweyanKota Surakarta
PC0006;BERANDA RUMAH;JL.SIWALAN NO.45B KERTEN
RS0025;BESALI RESTO (PT.SINERGI COLOMADU);JL.ADISUJIPTO MALANG JIWAN COLOMADU
HT0007;BEST WESTERN SOLO BARU (PT. DELTA MERLIN DUNIA PROPERTI);Jl. Ir. Soekarno, Dusun II, Madegondo, Kec. Grogol, Kabupaten Sukoharjo, Jawa Tengah 57552
RS0264;BIG BEEF;SOLO
RS0243;BIG BRO;Jl. Adi Sucipto No.154, Blulukan, Colomadu
RS0026;BLACK ARION;JL. ADI SUMARMO NO 196, SAWAH GEDONGAN, KEC . COLOMADU , KABUPATEN KARANGANYAR. 557173
PC0008;BLACKBIRD COFFEE;Jl. Gatot Subroto No.35, Singosaren, Kemlayan, Serengan
PC0009;BLACK BIRD COFFE SOLO;JL.GATOT SUBROTO NO 35 SINGOSAREN KEMLAYAN SERENGAN
PC0010;BLACKBIRD PALUR;Jl. Raya Palur No.50, Banaran, Ngringo, Kec. Jaten, Kabupaten Karanganyar, Jawa Tengah 57731
RS0027;BLI KADEK SOLO;SOLO
RS0028;BLONJO KUE;"PERUM. SONGGOLANGIT JL. EMPU PANULUH NO.7 SOLO"
RS0029;BOBA TIME;"Jl. Kartika No.1 Jebres Kec. Jebres Kota Surakarta"
RS0144;BOSSGRILL AND BBQ;"Jl. Kemuning Blok J No. 7 Perum Puri Gading Grogol Sukoharjo"
RS0030;BROTHERHOOD;Jalan Menteri Supeno No.3A, Manahan, Banjarsari
HT0009;BROTHERS HOTEL SOLO;JLN. IR. SUKARNO BLOCK AC.25 SOLO BARU(DEPAN CARREFOUR SOLO BARU)
HT0010;BROTHERS INN;Jl. Raya Djlopo Blok GP No. 73, Dusun 2, Gedangan, Grogol, Kabupaten Sukoharjo, Jawa Tengah 57552
RS0032;BUANA LOUNGE;Sawah, Tohudan, Colomadu, Kabupaten Karanganyar, Jawa Tengah
RS0033;BUBBLES RESTO;"JL MENTRI SUPENO NO.6. MANAHAN SOLO"
RS0037;BU INDRA ROTI BAKAR 543;JL. KALILARANGAN NO.8 SURAKARTA (SAE LAUNDRY)
UM0007;BU MARISA (MARISA FINISHING);"Dayung Kwarasan, Grogol, Sukoharjo (MARISA FINISHING)"
UM0046;BU NOVI;SOLO
UM0006;BU RATIH (PARU);JLN. LATAR IRENG BARENGKLATEN
PC0012;BURGER DAN KOPI LAWE;"Jl. Perintis Kemerdekaan, Purwosari, Kec. Laweyan, Kota Surakarta, Jawa Tengah 57147 (KOPI LAWE)"
PC0013;BUTLER COFFEE BOUTIQUE;Jl. Ronggowarsito No.171, Timuran, Kec. Banjarsari, Kota Surakarta, Jawa Tengah 57131
PC0014;CAFE AT EDEN;Dusun III Madegondo, Grogol, Sukoharjo
PC0015;CAFE MILLENIAL;Jl. KH. Samanhudi no 55 Laweyandepan kampus stimik, satu komplek dengan avista fashion
RS0038;CALIFORNIA FISH KITCHEN;JLN. R.M SAID, NO. 49C, TOTOGAN SOLO
PC0016;CALYA COFFE AND EATERY;JL.ANDALAS,PANDANREJO,SEMANGKAK KEC KLATEN TENGAH
RS0039;CANDI RESTO;"JL.I.R Soekarno No.33 Solo Baru (SOLO)"
PC0017;CATNIPHORA;Jalan Depok No.1, Manahan, Banjarsari, Manahan, Banjarsari, Kota Surakarta, Jawa Tengah
RS0040;CHAO PHRAYA (CV. AMAGI RASA SURAKARTA);Jl. Kapten Mulyadi No.87a Kedung LumbuPs. KliwonSurakarta
RS0041;CHILLI PEPPER;SOLO BARU
UM0008;CIK MEI MEI;SOLO
RS0042;CLOUD SUPPLY (PT. ASCARYA GLOBAL);JL. RAYA DJLOPO NO.54-7 , DUSUN 2 GEDANGAN , KEC , GROGOL , KABUPATEN SUKOHARJO
PC0018;CNY COFFEE & KITCHEN;Jl. K.H Samanhudi No.133, Sondakan, Laweyan, Surakarta
PC0055;COCONUTS;Jl. Yos Sudarso No.361, Danukusuman, Kec. Serengan, Kota Surakarta,
PC0019;COKOLADE;Jl. Dr. Rajiman No.395, Bumi, Kec. Laweyan, Kota Surakarta
PC0020;COMITEA;Jl. Museum, Sriwedari, Kec. Laweyan, Kota Surakarta, Jawa Tengah 57141
PC0021;COOLFRAME;Jl. Dr. Rajiman No.253 Jayengan Kec. Serengan Kota Surakarta
RS0044;COZE RESTO;JL. URIP SUMOHARJO NO.94, RT.003 RW.002 PURWODININGRAT, JEBRES, SURAKARTA
RS0045;CROWN BILYARD;"HARTONO MALL SOLO BARU LT. 2 JLN. IR. SUKARNO , SOLO BARU"
RS0046;CUMSUIS;Jl. Blewah No 1 Raya, Karangasem, Laweyan, Surakarta
RS0047;CUPID;Jl.Nakula No.38 Serengan Kec. Serengan Surakarta
RS0048;CV.DAPURAME (BOGA KITCHEN);GREEN LAKE CITY. RUKAN CBD BLOK 1 NO 008 RT 001 RW 014 CIPONDOH TANGERANG TIMUR BANTEN
RS0049;DAEGU GRILL RESTAURANT;JLN. RADJIMAN NO.402SOLO
RS0051;DAINTY KITCHEN;Jl. Kebangkitan Nasional No.56, Kota Surakarta, Jawa Tengah 57141
RS0066;DALI GELATO UMS;Jalan Garuda Mas No. 12 Karangasem Mendungan Pabelan Kartasura Sukoharjo
RS0067;DALLAS RESTO (CV. METRO);JL. IR SUTAMI NO 118, PUCANGSAWIT, JEBRESSURAKARTA
RS0068;DAPUR CAKU-CAKU;JETAK RT 02 RW 08 DAGEN JATEN KARANGANYAR (TIMUR LAMPU MERAH YONIF 413 SAMBERNYAWA)
RS0054;DAVE'S STEAK HOUSE;Jalan Dokter Radjiman No.395, Bumi, Laweyan, Panularan, Kec. Laweyan, Kota Surakarta, Jawa Tengah
RS0069;DBROTHER;JL.ADI SUMARMO NO.196 SAWAH, GEDONGAN,KEC COLOMADU, KABUPATEN KARANGANYAR JAWATENGAH
RS0070;D'CAPELLO RESTO;Jalan Honggowongso No.30 B, Kemlayan, Serengan, Sriwedari, Laweyan, Kota Surakarta, Jawa Tengah 57141
PC0025;D'COFFE CLUB SOLO;Ps. Kliwon, Kec. Ps. Kliwon, Kota Surakarta, Jawa Tengah
RS0063;D'COLONELS;"JLN. MOH YAMIN NO.146 PANULARAN SOLO (TIMUR SMA 7)"
RS0064;DD PANTRY;Jl. Duwet No.47Masjid Assalam-Belakang UMSKarangasem Solo
RS0043;DE'COFFIE TENTREM;SOLO GRAND MALL Lt. dasar (dekat pintu samping barat)SOLO
RS0071;DE PARISHA RESTAURANT;JLN. KEBALEN NO.2, BTPN RADIO LT. 1SOLO
RS0334;DEPOT BANDENG MURNI;"JL.PATMO NEGORO NO.29 100METER SEBELUM LUES GADING BELOK KANAN"
RS0073;DE SOLO;JL. SLAMET RIYADI NO. 54 BSOLO
DS0008;DEVORA DIARY;Singosaren RT 003/003, Kemlayan, SerenganAyam Goreng Sor Pelem, Belakang Matahari Singosaren
DS0007;DHAMA ALILA;JLN.PROF DR.SUPOMO NO 99 MANGKUBUMEN BANJARSARI SOLO
RS0074;DIAMOND RESTO (CV. DIAMOND);Slamet Riyadi St No.392, Purwosari, Laweyan, Surakarta City, Central Java 57144
RS0075;D'JAVA RESTO;Jl. Honggowongso No. 98Solo
RS0076;D'LIVING RESTAURANT;Jl Yos SudarsoSurakarta
RS0127;DOBUTZO RESTAURANT;Jalan Doktor Sutomo No. 20, Sriwedari, Laweyan, Kota Surakarta, Jawa Tengah 57141 (KARONSHI BELOK KIRI)
PC0023;DON COFFE;JL. JAJAR JALAN DUKU II NO 10 LAWEYAN (DERETAN BATIK SENGENGE)
RS0077;DOUBLE DECKER RESTAURANT;Jalan Ir. Soekarno (ground floor fave Hotel), Solo Baru, Madegondo, Grogol, Kabupaten Sukoharjo, Jawa Tengah
RS0078;DREAMT PHOTOGRAPHY;"BU RITA - 081802570807 DREAMT PHOTOGRAPHY THE PARK MALL SOLOBARU - SF-18 LANTAI PALING ATAS DEPAN ORCHARD JELE"
RS0079;D'S DINNER CAFE & RESTO;JLN. YOS SUDARSO 323BDANUKUSUMAN, SERENGAN SOLO 57139
RS0080;D'STADION RESTAURANT;Jl. Bhayangkara No.9, Sriwedari, Laweyan, Kota Surakarta,
DS0006;DUTA RASA MEATSHOP;Jl. Sutan Syahrir No. 21, Kepatihan Wetan, Jebres, Surakarta
RS0065;DYNASTI WANG RESTAURANT;paragon mall solo seberang dallas kitchen
RS0081;EATBOSS SOLO (CV. MAKMUR SENTOSO);Jl. Adi Sucipto No.68, Kerten, Laweyan,
RS0082;EATERNITY RESTAURANT;Jl. Solo Baru no 37 Solo Baru - Solo
RS0050;EC KAROUKE SOLO;"HARTONO TRADE CENTER LT.P1/LT3 JL.IR SOEKARNO MADEGONDO GROGOL"
RS0362;EGGPERIANCE;Jl. Gajah Mada No.115, Ketelan, Banjarsari, Kota Surakarta, Jawa Tengah
RS0083;EL BURITOS;"EL BURITOS FOODCOURT INDOMARET LT.2 JL. KARTIKA RAYA NO.168, JEBRES (083865526650)"
RS0084;EL BURRITOS;JL. MH.thamrin No. 21 Manahan 
RS0085;EMPEROR PLACE CHINESE RESTAURANT;DAZIA BRIDALJl. Ir. H. Juanda No. 125 Solo, Surakarta
RS0086;ENI MANDIRI;SOLO
RS0087;ERIGO;"Jl. Kebangkitan Nasional No.19 Solo"
RS0088;ES ENY TERBAN;JL. AM SANGAJI (DEPAN POP Hotel)
RS0089;EUPHORIA;Jl.Mh Thamrin no 7 Manahan Solo
RS0090;EXCELCO THE PARK SOLO BARU;"The Park Mall Ground floor Jln. Raya solo permai, solobaru, Sukoharjo"
RS0091;EXCELSO SOLO;THE PARK SOLO GROUND FLOUR
RS0092;EXECUTIVE KARAOKE;"HARTONO TRADE CENTER LANTAI PI/LT.3 Jl. Ir. Soekarno No.10F, Dusun I, Madegondo, Grogol, Kabupaten Sukoharjo, Jawa Tengah 57552"
HT0013;FAVE HOTEL ADISUTJIPTO (PT. DELTA MERLIN DUNIA PROPERTI);FAVE Hotel ADISUTJIPTOJL. ADI SUCIPTO NO. 60 RT.01 RW.08KERTEN, LAWEYAN, SURAKARTA
HT0012;FAVE HOTEL SOLO BARU (PT. DELTA MERLIN DUNIA PROPERTI);Jl. Ir. Soekarno, Dusun I, Madegondo, Kec. Grogol, Kabupaten Sukoharjo, Jawa Tengah 57552
RS0242;FIFTY RESTAURANT;JL.DR RAJIMAN NO 37 (SEBELAH KUSUMA Hotel)
RS0093;FITSARIA;JALAN SUTAN SYAHRIR NO.92, KEPATIHAN KULON, JEBRES, KOTA SURAKARTA, JAWA TENGAH 57129
RS0094;FITSARIA SRAGEN;"FITSARIA SRAGEN Jl. Ahmad Yani No.53, Kebayan 3, Sragen Tengah, Sragen"
RS0095;FND (FOOD N DRINK);Jl. Yosodipuro No.146, Mangkubumen, Banjarsari, Kota Surakarta, Jawa Tengah
RS0096;FOI GRILL & PASTA RESTAURANT;Hartono MallSolo Baru
PC0026;FOTO KOPI;Jl. Adi Sucipto No.1 Paulan Wetan, Malangjiwan, Colomadu, Karanganyar
PC0027;FRAPIO COFFEE HOUSE & ICE CREAM;JL PEMUDA UTARA 106KLATEN
HT0014;FRONT ONE HOTEL (PT. ADI SUMARMO ADI GUNA);JL.ADI SUMARMO NGRESEP NGEMPLAK BOYOLALI
HT0015;FRONT ONE HOTEL SRAGEN (PT. WAW ANGKASA WIJAYA);Jl. Brigjen Katamso No.37 Kebayan 1 Sragen Kulon Kec. Sragen Kabupaten Sragen
RS0261;FRUIT STORY;Jl. Anggrek Raya BF 20 Solo Baru
RS0260;GAMON RESTO;"Jl. R.M Said No. 149 Solo Depan Apotek Padma Pasar Nongko"
RS0097;GARDEN HOUSE;Jl. Dr. Soepomo No.14, Timuran, Banjarsari, Kota Surakarta
RS0367;GARDEN RESTO;Jl. Dr. Rajiman No.327, Panularan, Laweyan, Kota Surakarta, Jawa Tengah 57149
RS0098;GARDEN RESTO NEW DE PARIS;"Jl. Thamrin No.33 Gremet, Manahan - Solo"
PC0028;GEDHEIN KOPI;Jl. Viena Selatan Blok JB No. 37 Grogol Sukoharjo(Belakang Toyota Soba)
RS0099;GEROBAK PASTA;Jl. Yosodipuro no. 122, Mangkubumen Solo
RS0072;GRAINS & DOUGHT;JL. DR.RAJIMAN NO 263,JAYEGAN TIMUR PEREMPATAN PASAR KEMBANG KE KIRI
RS0100;GRANDIS RESTO (CV. JATI MAKMUR);Jl. Adi Sucipto No. 43, Puspan, Blulukan, Karangayar
HT0016;GRAND LAGUNA;JL. ADISUCIPTO 101SOLO
HT0017;GRAND MERCURE SOLO BARU (PT. DELTA MERLIN DUNIA PROPERTI);Jl. Ir. Soekarno, Dusun II, Madegondo, Kec. Grogol, Kabupaten Sukoharjo, Jawa Tengah 57552
HT0011;GRAND ORCHID HOTEL;Jl. Gajahmada No. 29Solo
HT0018;GRASS INN HOTEL SOLO;Jl. Viena Utama JA 44 Dusun I Madegondo Grogol Sukoharjo
RS0244;GRILL US;Jl. Kenanga No.33, Solo, Purwosari, Laweyan, Kota Surakarta, Jawa Tengah (PLAYGROUND BADRAN)
RS0102;GRINGO'S CAFE;GRINGO'S CAFEJL. RONGGOWARSITO NO. 5 CSOLO
RS0103;GUDEG MBAK YUS;Jl. Tejonoto 3 No. 3, Danukusuman, Kec. Serengan, Kota Surakarta, Jawa Tengah 57156
RS0104;GULA BATU;JL.DR SOEPOMO 59.TURISARISURAKARTA
DS0009;GUN FROZEN FOOD;SOLO
RS0105;HAILAI RESTAURANT;Jl. Adi Sucipto No.146Solo
RS0106;HALLO SOLO RESTO;"JL. ADISUCIPTO 1, MANAHAN SOLO SEDERET DENGAN MOM MILK"
RS0107;HAPPY TUTI;Jl. Raden Mas Said No.82, Ketelan, Banjarsari,
RS0108;HAPPY TUTI (FOC);Jl. Raden Mas Said No.82, Ketelan, Banjarsari,
HT0019;HARRIS HOTEL & CONVENTION SOLO (PT. CIPTA PROPERTI AGUNG);JL SLAMET RIYADI NO.464 PURWOSARILAWEYAN SURAKARTA.
PC0029;HEIKA KARANGANYAR;JL. KAPTEN MULYADI MBADRAN ASRI ,JUNGKE, KEC KARANGANYAR,
PC0030;HEIKA KOPI KARTASURA;Jl. Slamet Riyadi No. 180 KabalanNgadirejo Kec. Kartasura Kab. SukoharjoJawa Tengah
PC0031;HEIKA KOPI MANGKUNEGARAN;Jl. Kartini No.45 Timuran Kec. Banjarsari Kota Surakarta
PC0032;HEIKA KOPI SUKOHARJO;Jl. Jendral Sudirman No. 202 Bendosari Sukoharjo
RS0109;HELLO COW;JALAN SLAMET RIYADI
PC0033;HELLO SOLO CAFE;Jl. Dr. Muwardi, ManahanSolo
RS0110;HIKARU DINING SOLO;HARTONO MALL SOLO(GROUND FLOOR)JL. IR SOEKARNO, SOLO BARU, MADEGONDOSUKOHARJO - JAWA TENGAH
RS0111;HOB (EX. SCORE BAR);THE PARK MALL (SAMPING SCORE BAR)GF 26-27JLN. IR. SOEKARNO, GROGOL SUKOHARJO
RS0112;HOME CAFE & RESTAURANT;JL.DR RAJIMAN 149 RT.002 RW.007 DESA/KEL. JAYENGAN - KEC. SERENGAN SURAKARTA
RS0113;HONKY TONK PIZZABAR;JL. IR SUTAMI NO 46 ( GEDUNG GRAVISTA LT.1) SEKARPACE, JEBRES , KOTA SURAKARTA
RS0114;HOTEL GRAND MEGA RESORT;Hotel GRAND MEGA RESORTJln. TAMBAK ROWO NO.27CEPU
HT0002;HOTEL KOTA (NANDA);Jl. Brigjend Slamet Riyadi No.125, Serengan, Surakarta
RS0115;HOUSE OF BEER;"THE PARK MALL GF 26-27 JLN. IR. SOEKARNO GROGOL SUKOHARJO"
RS0101;HUNGRY BEAR;Jalan Kenanga,Badran,Solo, Purwosari, Laweyan, Kota Surakarta
RS0116;HUNGRY BEAR (WIDURAN);"JL.Sultan Syahrir No.35 WIDURAN,setelah pertigaan pengadaian 2 rumah kanan jalan"
UM0011;IBU ANIK;SOLO
UM0012;IBU AYU (CRAB AND FRIEND);Jl. Hasanudin No. 101, Solo (Samping Bank BRI Pasar Nongko)
UM0013;IBU CITRA/PAK ALBERD;SOLO
UM0014;IBU DEWI;SOLO
UM0015;IBU ERINA;solo
DS0018;IBU FONNY;Soba Bisnis Square JD 43-45 Madegondo Kec. Grogol Kabupaten Sukoharjo
UM0009;IBU GUNAWAN;JL.DR RAJIMAN NO 305-307
UM0010;IBU INDAR BUDI PRASETYA;Perum Gentan Baru No. 12 Gentan
UM0016;IBU IWEN (MANDARIN HTL);"JL. BELIMBING NO.52 (BELAKANG PASAR BANJARSARI) PEKALONGAN"
UM0017;IBU PARTINI;Jl. Sekar Anom, Gg. Asmoro Dono No. 4(Dekat Stasiun Klaten)Klaten
UM0018;IBU RIPTINAH;"Industri Keripik Paru Ibu Riptinah jl. Rajawali Gg Latar Putih No. 11 Klaten Jateng"
UM0019;IBU UTAMI;SOLO
UM0044;IBU VEVE;JLN.SURYOPRANOTO NO.34 (DEPAN BAKSO PRAWIROREJO)SOLO
UM0045;IBU YENNI;"JL. URIP SUMOHARDJO NO.96-98 SOLO"
RS0117;IEKE COFFE GELLATO;"JL. YOS.SUDARSO NO. 197 SOLO"
PC0034;IELC (INTERACTIVE ENGLISH LANGUAGE CENTER);Jl. Haryo Panular No.48, Panularan, Laweyan, Panularan, Laweyan
RS0364;ILALANG RESTO;"Jl. Raya Solo Baru No. 20 Solo"
RS0118;IN CONTRO RESTAURANT (PT. CIPTA REJEKI BERSAMA);KAWASAN Hotel ALILA, JALAN SLAMET RIYADI NO.562 RT.001 RW.001 JAJAR, LAWEYAN SURAKARTA JAWA TENGAH 57141
DS0010;INDOCOW MEATSHOP;Jl. Kebangkitan Nasional No.33, Sriwedari, Kec. Laweyan, Kota Surakarta
RS0120;INSHOKU IKI RESTO;JL.ALTERNATIF LAWU DAWUHAN TAWANGMANGU KARANGANYAR
HT0032;INTERNATIONAL HOTEL MANAGEMENT HOTEL SOLO;Jalan Adisucipto 109ColomaduSurakarta 57171
RS0121;INTRO LOUNGE AND RESTO;"Mezzanine 3rd Floor Solo Grand Mall, Jl. Slamet Riyadi 273 SOLO"
RS0122;INUL VISTA SOLO (CV. SAPTA BHARATA PRIMA);SOLO SQUARE Lt.2JL. SLAMET RIYADI NO.451-455, SOLO
RS0119;ISTANBUL KEBAB TURKI;Jl. Dr. Rajiman No.627, Pajang Laweyan Surakarta
RS0123;ITALIAN DELIGHT PIZZA;Jl. Adi Sucipto, Jajar, Laweyan, Kota Surakarta, Jawa Tengah 57144, Indonesia
DS0005;JAKA MEATSHOP;Kampung Banjarsari RT. 01/ 04Kedung Ampel CawasKlaten
RS0124;JAVA TERRACE KITCHEN & BAR (FoC);Jl Slamet Riyadi no 464 Purwosari Laweyan Surakarta, Surakarta, Jawa Tengah
RS0125;JAVA TERRACE KITCHEN & BAR (PT. CIPTA PROPERTI AGUNG);Jl. Slamet Riyadi No. 464 Purwosari, Laweyan, Surakarta, Jawa Tengah
RS0126;JEJU AYCE;Jl. Moh. Husni Thamrin No.7, Manahan, Kec. Banjarsari, Kota Surakarta, Jawa Tengah 57143
RS0129;JEJU AYCE (FoC);Jl. Moh. Husni Thamrin No.7, Manahan, Kec. Banjarsari, Kota Surakarta, Jawa Tengah 57143
RS0128;JOY BAKERY;Jl. Yosodipuro No.113, Mangkubumen, Banjarsari, Kota Surakarta, Jawa Tengah
DS0011;JURAGAN FROZEN (MBA NINIS);Jl. Lawu No.1c, Perum Subur Makmur, RT.01/RW.25, Sumbermakmur, Ngringo, Kec. Jaten, Kabupaten Karanganyar,
RS0130;KAKKOII RESTO;Jl. Adi Sucipto No.99, Jajar, Laweyan, Kota Surakarta
PC0070;KAMAYANGAN COFFE;JALAN ABDUL RAHMAN SHALEH STABELAN SURAKARTA (BEKAS PIPILLINE)
RS0131;KAMI BURGER;"JL. DIPONEGORO NO 55 (DEPAN SMA KALAM KUDUS)"
RS0164;KAMPOENG BAROE;Jl. Ronggowarsito No.57, Keprabon, Banjarsari, Kota Surakarta, Jawa Tengah
RS0132;KAMPUNG CAHAYA;JL.WIDORO KANDANG RT.1 RW 1 KRATONAN SOLO
RS0133;KAMPUNG CAHAYA RESTAURAN;JL.WIDORO KANDANG RT.1 RW 1 KRATONAN SOLO
RS0374;KARONSSIH RESTO;"JLN. DR SUTOMO NO 24 SRIWEDARI LAWEYAN SOLO"
UM0022;KARYAWAN INDOGUNA;JL.KEBANGKITAN NASIONAL NO 45
PC0035;KATIGA COFFEE;BOYOLALI
PC0036;KAYU MANIS COFFEE SHOP;(SEBELAH IKAN GORENG CIANJUR)JL. SLAMET RIYADI 158-162SOLO
RS0134;KEBAB TURKI;SOLO
RS0135;KEDAI ABDULLAH;"PINTU MASUK ASSALAM HYPERMARKET Jalan A. Yani No. 308, Gumpang Lor, Pabelan, Kartasura, Sukoharjo"
PC0037;KEDAI KOPI MATARAM;Jalan Brigjend Slamet Riyadi, Solo Square, Bengawan Solo Food Court, Laweyan, Pajang, Solo, Jawa Tengah
PC0038;KEDAI KOPI NDOMBLONG;Jl. Imam Bonjol No.52 Kp.Baru Pasar KliwonSurakarta.
PC0039;KEDAI KOPI SOLO RADJIMAN;JL. RADJIMAN NO. 516 ALAWEYAN, SOLO
PC0041;KEDAI KOPI SOLO RM SAID;JL. R.M Said No. 93Solo
RS0137;KEDAI PASTA D'PUTU BUMBUNG;JL URIP SUMOHARJO 64 SOLO
RS0142;KEDAI SARANG BAKERY;Jl. Brigjen Sudiarto No. 181Surakarta (kirinya Tanggul Gading)
PC0040;KELANA COFFE;Jl. Menteri Supeno No.11, Manahan, Kec. Banjarsari, Kota Surakarta
RS0136;KENEE GRILL & SUKI;Jl. Cerme Barat 7, Gilingan, Banjarsari, Surakarta
UM0023;KERIPIK PARU HJ. GANIK;JLN. MAYOR KUSMANTO , GG. SIPACAR, SEMANGKAK, KLATEN
UM0024;KERIPIK PARU PAK DARMOJO;"KAMPUNG BARU RT 03/5 GATAK KLATEN JAWA TENGAH"
UM0025;KERIPIK PARU SARI ROSO (2);"BUTUH RT02 RW03 GEDONGAN, BAKI  SUKOHARJO"
UM0026;KERIPIK PARU SARI ROSO (I);JLN. PUNTODEWO NO.4 , KUDU, BAKI, SUKOHARJO (BELAKANG KANTOR KECAMATAN BAKI)
UM0027;KEVIN;"Jln Diponegoro Cluster Diponegoro No. A6 Dusun III Madegondo Grogol Sukoharjo"
PC0024;KHAS COFFE;JL. SIWALAN NO 17 RT02 RW14 , KERTEN , LAWWEYAN , SURAKARTA
RS0292;KHENG HOUSE;JL. Teuku Umar No.12, Keprabon, Banjarsari
RS0138;KIMCHI RESTAURANT;JLN. VETERAN NO. 180 KRATONAN, SERENGANSOLO
RS0139;KIMUKATSU (PT. BOGA MAKMUR DINASTI);KOMPLEK WIJAYA GRAND CENTER BLOK C NO 33-34 JL.WIJAYA IIPULO-KEBAYORAN BARU,JAKARTA SELATAN
RS0140;KLASSIKO BAKERY (YUDHISTIRA);SOLO GRANDMALL Lt. 3
RS0141;KOCHAMJJANG;JL.mh. hamrin no 7 Manahan banjarsari
PC0042;KOLONIAL;"JL.Dr Radjiman 323 Lawean Solo"
PC0060;KOPI KEPI / LA FOLLA;Jl. Prof. DR. Supomo No.57 Mangkubumen, Banjarsari, Surakarta
PC0043;KOPI LITE;Jl. Palem Raya, Dusun III, Langenharjo, Kec. Grogol, Kabupaten Sukoharjo,
PC0044;KOPI NGELAK;JL. Dr Radjiman No. 441, Bumi, LaweyanSurakarta
PC0045;KOPI OPA DELANGGU;Jl. Raya Delanggu Utara No.50 Perkebunan, Kepanjen, Delanggu, Klaten
PC0046;KOPI PAK NO;Jl. Raya Tawangmangu-Sarangan Kilometer 9. Bulakrejo RT 3 RW 6 Gondosuli Kidul Gondosuli Kec. Tawangmangu Kabupaten Karanganyar
PC0047;KOPI SI BUDI;Jl. Kalitan No.6B, Penumping, Laweyan, Surakarta
RS0143;K PATATS SOLO;Solo Grand Mall Lt.3Solo
PC0048;KULONUWUN KOPI;OMAH SINTENJl. Diponegoro Keprabon Kec. Banjarsari Kota Surakarta Jawa Tengah
CT0001;KUSUMA CATERING;Jl. Yudhistira, Serengan, Kota Surakarta, Jawa Tengah 57155, Indonesia
CT0002;KUSUMA SARI;Jl. Slamet Riyadi No.111, Kemlayan, Kec. Serengan, Kota Surakarta, Jawa Tengah 57151
HT0021;KYRIAD ARRA HOTEL CEPU;Jl. Raya Cepu - Randublatung No.Km. 2, Joho, Mulyorejo, Kec. Cepu, Kabupaten Blora
RS0145;LA CASETTA;"JALAN ABDUL RAHMAN SHALEH (SAMPING META FM)BARAT SOSCIL"
PC0049;LA JAVA COFFEE;Jl. Ir. Soekarno 3, Dusun I, Madegondo, Kec. Grogol,
PC0050;LA JAVA KEPATIHAN;Jl. Arifin No. 89, kepatihan wetan, jebres, surakarta
RS0146;LA MEXICANA;Jl tentara pelajar no.156 bolon colomadu karanganyar
HT0023;LAMPION HOTEL (PT WISMA BINALOKA);LAMPIO HotelJl. Dr. Rajiman No.289, Panularan, Laweyan, Kota Surakarta
RS0148;LARISKA RESTO;"JLN. COKROBASKORO NO.41 SOLO"
RS0147;LA TAVERNA RESTO;JL. SIWALAN NO 55 KERTEN SOLO
RS0149;LAVA BAR AND KITCHEN (CV. DASA JAYA PERKASA);JL.MOH SALEH WEDISATRO NO 5BANJARSARI
RS0240;LAWEYAN BLUE MBAH BEI;Jl. Dr. Rajiman No.527, Pajang, Laweyan, Surakarta
PC0051;LAWU BREAK COFFEE;Kramat Kalisoro Tawangmangu Karanganyar
RS0150;LAZY COW;Jl. Slamet Riyadi (Timur Mc. Donald)Surakarta
RS0052;LEGACY;JALAN KEBANGKITAN NASIONAL , SURAKARTA .
RS0151;LEVEL ONE SOLO;Jl. Dr. Cipto Mangunkusumo No.3, Sriwedari, Kec. Laweyan, Kota Surakarta, Jawa Tengah 57141
RS0152;LIBERICA CAFE ALILA;"LANTAI 2 Hotel ALILA SOLO JLN. SLAMET RIYADI NO 562 RT 001, RW 001, LAWEYAN SURAKARTA"
RS0153;LIBERICA COFFEE (PT. LIBERICA);THE PARK MALL SOLO BARU BLOK 6F NO.25C KEL. MADEGONDO KEC.GROGOL SUKOHARJO JAWA TENGAH
RS0154;LILY BISTRO;"Jl. RM. Said No. 257 Solo"
RS0155;LIVING ROOM CAFE TRANSMART;Komplek Trans Mart MallPabelan Solo
HT0024;LOR IN HOTEL (PT. ANOM SOLO SARANATAMA);Jl. Adi Sucipto No.47, Kenaiban, Blulukan, Kec. Colomadu, Kabupaten Karanganyar, Jawa Tengah 57174
RS0249;LUX CAFE;MENARA ONE BILDING JL. KEDEN , HONGGOBAYAN , PABELAN, KEC , KARTOSURO
RS0156;MABAR & LAVINE MANAHAN;Jl. Menteri Supeno No.10, Manahan, Kec. Banjarsari, Kota Surakarta, Jawa Tengah 57139
RS0157;MADAM XIANG;JALAN GATOT SUBROTO NO.51SEBELAH KURNIA MUSIK(ALAT TULIS SEBRANG KURNIA MUSIK)
RS0246;MAD BOTTLE;JL.SULTAN SYAHRIR NO 147 TAMBAK SEGARAN
DS0012;MADJA (CV. TIGA PILLAR SEJATI);Jl. Dewi Sartika 33 Tegalklaten Klaten Kec. Klaten Tengah Kabupaten Klaten
HT0025;MAHALAYA;"Setabelan, Kec. Banjarsari, Kota Surakarta, Jawa Tengah 57133(SAMPING PASAR LEGI)"
RS0158;MAKALU COFFE;JL. AGUNG II NO. 2 MOJOSONGO SOLO
PC0052;MAKAN DAGING;Pined Perigee, Jl. Dr. Rajiman No.234, Kemlayan, Kec. Serengan, Kota Surakarta,
RS0061;MARAKEZ;Jalan Untung Suropati No.76, Kedung Lumbu, Pasar Kliwon, Surakarta, Pasar Kliwon, Surakarta City, Central Java 57113, Indonesia
CT0003;MARIAM CATERING SOLO;SOLO BARU
UM0028;MARKETING INDOGUNA SOLO;JALAN KEBANGKITAN NASIONAL NO 45
DS0013;MARTHA FOOD;Perum Queen Garden Blok IV No H23, Sukoharjo, Jawa Tengah
RS0159;MARY ANNE'S RESTAURANT SOLO;JLN. KEBANGKITAN NASIONAL NO.54PENUMPING, SOLO (SELATAN STADION SRIWEDARI)
DS0015;MAS DENI HS;SOLO
RS0160;MASTER CHEESE PIZZA;Jl. Alor No. 9 RT 003/ RW 004, Kampung Baru, Pasar Kliwon, Surakarta
RS0161;MAZROONEY CORNER;Jl Ahmad Yani 123 Ngemplak Solo
RS0163;MBAH MAN TAWANGMANGU;Jl. Alternatif Lawu Dawuhan Blumbang Kec. Tawangmangu Kabupaten Karanganyar
UM0029;MBAK YANIK;SOLO
UM0030;MBOK MARNI;"JLN. R.M SAID NO 49 TOTOGAN MANGKUNEGARAN"
DS0016;MEAT & GROCERIES SOLO;"JL SUNGAI PALU NO.9 KAMPUNG SEWU JEBRES SOLO"
UM0031;MEATSHOP (CV. JOGJA BOGA UTAMA);JL.KEBANGKITAN NASIONAL NO.45RT.001 RW.001 SRIWEDARI LAWEYAN
RS0165;MELLY GLOW KTV (PT. MITRA INTI CIPTA PERKASA);HARTONO LIFESTYLE MALL SOLO BARU KEL.MADEGONDO KEC.GROGOL SUKOHARJO, JAWA TENGAH
RS0166;MENUR RESTO;Jl. Anggur V No.4, Jajar, Kec. Laweyan, Kota Surakarta, Jawa Tengah 57144
RS0167;MERCANT (APPA YA);"JALAN KARTIKA UNS FREMILT TEA (BAGIAN DAPUR)"
RS0062;METRO (CV. METRO);JL. IR SUTAMI NO 118 PUCANGSAWIT JEBRESSURAKARTA
RS0250;MILKY MILK SOLO;"Jl. HONGGO WONGSO NO.55 SOLO (DEPAN NOVOTEL SOLO)"
RS0168;MISS PHILO;Jl. Hos. Cokroaminoto No.3, Kabupaten, Klaten Tengah, Kabupaten Klaten, Jawa Tengah 57413, Indonesia
RS0170;MIX GREEN;Jl. Kolonel Sutarto No.12, Jebres, Kec. Jebres, Kota Surakarta, Jawa Tengah
PC0022;MODUS CAFE;JL,RAYA DUWET NO 1
RS0171;MOJU MOJU;Jl. Duwet 12 Karangasem, Laweyan, Surakarta
RS0172;MOMITA KITCHEN;SOLO
RS0368;MOM MILK;"JL. MAWAR NO. 6 MANGKUBUMEN KULON SOLO"
RS0173;MOM PIZZA;Jl. Sekar Jagad No.15, Dusun I, Makamhaji, Kec. Kartasura, Kabupaten Sukoharjo, Jawa Tengah 57161
HT0026;MOVE MEGALAND HOTEL (PT. PAPAN REJEKI LESTARI);MOVE MEGALAND HotelJLN. SLAMET RIYADI NO 351(DEPAN RS KASIH IBU)
UM0032;MR. BRUCE;Jn. Nusa Indah N0. 55Randuredjo Solo
PC0011;MRCL COFFE STUDIO;Jl. Brigjend Katamso 173, Mojosongo - Surakarta ( GRHA TA Media Group )
UM0033;MR. GEORGE;JL.DANU KUSUMAN RT 2/ RW 1GG.UTARA - PASAR GEMBLEKAN SOLO
RS0174;MUMU;SAMPING GRAND MALL
RS0252;MY KOPI-O SOLO;The Park Mall, Jalan Ir. Soekarno, The Park Lantai GSolo
RS0034;MYSTIC (CV. MULTI ADIGUNA);Hartono Trade Center LT-P1Jl. Ir. Soekarno Solo Baru RT.004 RW 002 Madegondo,Grogol,SukoharjoSamping NAGOYA LT 1
RS0176;NAKAMA;Jl. R.M Said No.134
RS0175;NAMU COFFEE & EATERY SOLO;Jl. Kantil Kaliwingko No.19, Dusun I, Grogol, Kec. Grogol, Kabupaten Sukoharjo
RS0177;NANCY;"Jl. Ir. Juanda No. 138 Sorogenen - Solo"
RS0178;NATAHATI COFFE (PT. RUANG TEDUH INDONESIA);JL.PUNGGAWAN NO 6 PUNGGAWAN KE.BANJARSARI SOLO
RS0055;NAVA HOTEL (PT. NAVA SAMGATA);Jl. Grojogan sewu, Pintu II, Ngunut Lor RT. 4 / RW. 6, Tawangmangu
RS0179;NAV KARAOKE SOLO 2 (PT. NAV JAYA MANDIRI);JL. URIP SUMOHARJO RUKO MESEN SQUARE BLOK A NO.5 - 6 SURAKARTA
RS0180;NAYARA BEEF AND FROZEN FOOD;Jl. Gotong Royong No. 3 Jagalan Surakarta
RS0181;NDORO DONGKER;Jl. Karangpandan-Ngargoyoso, Kemuning, Puntukrejo, Ngargoyoso,
RS0263;NEW MERAPI RESTO;MERAPI RESTOJL. MERAPI GAYAM 0272325887
PC0058;NGOPI SERIUS;JL.MAWAR 3 NO 11A SIDOREJO JANTEN KARANGANYAR
RS0251;NIAGARA SUSHI HARTONO MALL;"HARTONO MALL SOLO BARU LOBY DEPAN"
RS0182;NIAGARA SUSHI PARAGON;Solo Paragon, 02 Food Walk, Jl. Yosodipuro, Mangkubumen, Banjarsari, Kota Surakarta, Jawa Tengah
RS0183;NICE SPICE;JALAN KARTIKA NO.2, JEBRES, SURAKARTA, JAWA TENGAH
RS0169;NIHON TEI RESTAURANT;PANDAWA WATERBOOM SOLOBARUJLN. CEMARA RAYASOLOBARU
CT0004;NIKMAT RASA CATERING;JL. Dieng No.7, Talang Baru, CemaniSukoharjo
RS0184;NOTABENE BISTRO;"Jl. Sri Gading 2 no. 16 Mangkubumen, Banjarsari (OMAH TURI)"
HT0027;NOVOTEL SOLO HOTEL (PT. SUNINDO INDAH HOTEL);JL. SLAMET RIYADI NO.272 SOLO
PC0053;NYAWIJI COFFE KLATEN;JL. CANDISARI KM 01. SENDAGAN , MOJAYAN, KLATEN TENGAH
RS0185;OBONK SOLO BARU;"JL.SOLO PERMAI ( DEPAN TOYOTA NASMOCO ) SOLO"
RS0186;OBONK STEAK 2;Jl. Slamet Riyadi No.626SOLO
RS0187;OBONK STEAK KLECO SOLO;"JL SLAMET RIYADI KLECO-SOLO"
RS0259;OBONK STEAK SOLO;Jl. Supomo No. 11Solo
FC0001;OBONK STEAK SOLO (FoC);Jl. Supomo No. 11Solo
RS0192;OJO GOSONG SUKI & GRILL;Jl. Popda, Blok B18, Ruko Global, Nusukan, Banjarsari, Surakarta
RS0189;OLA VITA;"Jl. Tirtosani No. 11 Solo"
DS0017;OLEH OLEH BU MARGONO;"BU DARMINI JLN. KI AGENG GRIBIG NO 64 DADIMULYO, KLATEN UTARA"
RS0190;OLREST CAFE;Jl. Abdul Muis No.51, Setabelan, Jebres, Kota Surakarta, Jawa Tengah 57139, Indonesia
RS0191;OMAH FROZEN FOOD;Jl. Kalingga Utara III No.7, Kadipiro, Banjarsari, Kota Surakarta, Jawa Tengah
RS0194;OMAH JAWI;"OMAH JAWI Jl. Kelengkeng No. 2A, Kerten, Laweyan, Surakarta"
RS0195;OMAH SINTEN;"JL DIPONEGORO 34/35 NGARSOPURO SOLO"
RS0196;O'PALLET;Jl. Nanas No.1, Driyan, Siswodipuran, Kec. Boyolali, Kabupaten Boyolali
RS0197;O'PALLET CAFE COFFE N CULINARY;Jl. Nanas No.1, Driyan, Siswodipuran, Kec. Boyolali, Kabupaten Boyolali, Jawa Tengah 57311
RS0198;OPPAPIZZA CAFE;Jl. Museum, Sriwedari, Laweyan, Kota Surakarta, Jawa Tengah 57141
RS0199;ORIENT RESTAURANT;Jl. Slamet Riyadi No.397Solo
RS0200;O-SOLO-MIO;Jl. Slamet Riyadi No. 253 Solo
RS0188;OVEN FRIED CHICKEN;Jl. Brigjen Sudiarto No 50A Gading Kidul Solo
RS0031;PACIFIC SOLO;Jl. Kenanga No.31 Purwosari Kec. Laweyan Kota Surakarta
UM0034;PAK AWI;Jl. Dr. Rajiman No.374, Panularan, Laweyan, Kota Surakarta, Jawa Tengah
UM0035;PAK BAGUS;SOLO
UM0036;PAK BUDI MAGELANG;MAGELANG
UM0037;PAK FENDY;JL.SUMATRA 5 No 3A,Depan Gereja GKN Hosana Ketelat,(monumen pers ketimur gang ke 2 belok kiri)
UM0039;PAK HARI;SOLO
UM0041;PAK KRISTIJONO;SOLO
UM0042;PAK LABIB;SOLO
UM0038;PAK MARVIN;"JLN. YOS SUDARSO NO.376 SOLO"
DS0019;PAK SETIAWAN;KAMPUNG BATIK LAWEYAN
RS0201;PALM RESTO;Jl. Laksda. AdisuciptoSolo
RS0202;PALMYRA RESTAURANT;JLN. DR. RADJIMAN NO.200SOLO
RS0203;PALOMINA KITCHEN AND BAR;Jl. Abdul Muis No.28, Kepatihan Kulon, Kec. Jebres, Kota Surakarta, Jawa Tengah 57129
RS0162;PANDAN LEAF BAKERY CAKE;Jl. Kaliurang km.5,3Jogjakarta
RS0204;PANTIES PIZZA;Jl. Kebangkitan Nasional Laweyan Penumping Kota Surakarta Jawa Tengah 57141
RS0205;PAPARONS PIZZA SOLO;JL. GATOT SUBROTO 221, SURAKARTA
RS0206;PAPAT COFFE;JL.HONGGO WONGSO
RS0207;PAR3;"JL.ADISUJIPTO (BARAT Hotel NARITA) SOLO"
RS0208;PAR 3 RESTO GOLF;Jl. Adi Sucipto Blulukan Colomadu Surakartasamping narita Hotel
RS0209;PAR FOUR CAFE;Jl. Kebangkitan Nasional No.31, Sriwedari Surakarta
RS0210;PAR FOUR C.H. GRILL & BBQ;"JL. ADI SUCIPTO BLULUKAN SOLO"
RS0211;PART3 GOLF;"JL. ADISUPCIPTO , BLULUKAN SOLO"
RS0215;PATBINGSOO;Jl. Jend. Urip Sumoharjo No.97 SOLO
RS0212;PEACOCK COFFEE;Jln.Palagan Tentara Pelajar NO: 16.C( Gapura Sedan)08579999551
RS0214;PERIDOT COFFE & TEA;Jl. Wijaya Kusuma No.29, Gayamprit, Kec. Klaten Sel., Kabupaten Klaten, Jawa Tengah 57423
RS0213;PERMATA HIJAU RESTO;Jl. Surya No.101. Jagalan SOLO
UM0043;PERSONAL;SOLO
FC0002;PERSONAL (FoC);SOLO
RS0216;PETI MAS;SOLO
RS0217;PHI PHI RESTAURANT;Sentra Niaga The Park Mall Jl. Ir. Soekarno, Dusun II, Madegondo, Grogol, Kabupaten Sukoharjo
PC0054;PINARA COFFEE;Jl. Kebangkitan Nasional No.85, Penumping, Kec.Laweyan, Kota SurakartaJawa Tengah
RS0218;PIORES;Jl. Matoa Raya I, Karangasem, Kec. Laweyan, Kota Surakarta, Jawa Tengah 57145
RS0219;PIZZA BEE (HOTEL KOTA);Jl. Slamet Riyadi No.125 Kemlayan, Serengan, Surakarta
RS0220;PIZZA HOUSE;"JL.TUTANG NO.1 CANTEL WETAN SRAGEN TENGAH"
RS0221;PIZZA RUMAH ROTI;"JL. RONGGOWARSITO NO 93 KEPRABON BANJARSARI"
RS0222;PIZZA RUMAH ROTI (FOC);Jl. Ronggowarsito No.93, Keprabon, Banjarsari, Kota Surakarta
RS0223;PIZZA SLICE KLATEN;"JL.VETERAN NO.28 JALAN UTAMA JOGJA-SOLO"
RS0224;PLANET ESPREZZO;JL.ADI SUCIPTO NO.1 SOLO
RS0225;PLANET RAMAYANA;"Jl. Raya Solo Baru AA No.18 Solo"
RS0226;PLATE O DIRTY TABLE;"JL.AHMAD YANI NO. 214 PABELAN BARAT LAMPU MERAH PASAR KLECO. SEBELAH ISTI BANK"
RS0227;PLATE-O KLATEN;Jl. Kopral Sayom No.99, RW.09, Jetak Kidul, Karanganom, Klaten Utara, Kabupaten Klaten, Jawa Tengah
RS0228;PLATE O SOLO (PIPPELINE);"JL.ARIFIN NO 59 KEPATIHAN WETAN JEBRES KOTA SURAKARTA JAWA TENGAH"
RS0229;PLATINO RESTAURANT;Jl. Manggar Raya No.19, Dusun I, Grogol, Kec. Grogol, Kabupaten Sukoharjo, Jawa Tengah 57552
RS0274;PODJOK LAMPU;Jl. Sumpah Pemuda No.101 Mojosongo Jebres Surakarta
RS0231;POLAR BEAR;"Jl. Adi Sucipto No.29 Kerten Laweyan Surakarta POM BENSIN MANAHAN"
RS0232;PONDOK TINGGAL HOTEL;SOLO
RS0230;PORTOTINO STEAK;"JL. SLAMET RIYADI TIMUR TUGU KERTOSURO TELP. 0271 5838869 KERTOSURO"
RS0233;POST IN HOTEL SOLO;Jl. Monginsidi No.125, Kestalan, Kec. Banjarsari, Kota Surakarta, Jawa Tengah 57132
HT0028;PREMIER INN SATORIA HOTEL (PT. SATORIA PRIMA PERSADA);SOLO
HT0029;PRIMA INN HOTEL;SOLO
RS0234;PRINGSEWU RESTAURANT;SOLO
RS0235;PRIYAI CAFE;JL. BHAYANGKARA NO.78SOLO
RS0236;PT. JITU BOGA PERSADA;Jl. Moh. Husni Thamrin 11 A Manahan, Banjarsari, Surakarta
RS0257;PUTRI;SOLO
RS0237;PUTU BUMBUNG;"JL URIP SUMOHARJO 60 SOLO"
RS0238;QUEEN PIZZA SOLO;Perum Queen Garden III Blok F0, Dusun II, Waru, Baki, Kabupaten Sukoharjo, Jawa Tengah
RS0239;QUEEN'S CANE N KEBAB;Jl. Wirengan, Baluwarti, Ps. Kliwon, Surakarta
RS0247;RAJA SIOBAK;Jl. Cut Nya Din 28 Gandekan Jebres
RS0266;RAJA STEAK;Sriwedari, Laweyan, Surakarta City, Central Java 57141,
RS0267;RALANA EATERY;"JL. SLAMET RIYADI 301 RT01 RW.03 PENUMPING, LAWEYAN, SURAKARTA SAMPING XO."
HT0040;RAMADA SWITES HOTEL;Jl. Adi Sucipto No.56, Gatak, Gajahan, Colomadu, Kabupaten Karanganyar, Jawa Tengah 57716
RS0268;RAMAYANA COFFEE;"JL. DR. WAHIDIN NO. 22 SOLO"
RS0269;RAMAYANA RESTAURANT;solo baru solo
RS0270;REBEL GOFOOD JEBRES (PT. REBEL GOFOOD INDONESIA);Gedung Pasaraya Blok M. Gedung B Lt. 6 dan 7Jl. Iskandarsyah II No. 2 Melawai Kebayoran Baru Jakarta Selatan
RS0271;REBEL GOFOOD LAWEYAN (PT. REBEL GOFOOD INDONESIA);Gedung Pasaraya Blok M Gedung B Lantai 6 dan 7Jl. Iskandarsyah II No. 2 Melawai Kebayoran Baru Jakarta Selatan DKI Jakarta
RS0272;RELAX RESTO;"JL. SLAMET RIYADI NO.39 SOLO"
RS0273;REPHAS;"JL.Slamet Riyadi no 562,kawasan ALILA SOLO Lantai 2"
RS0275;REPHAS BAKERY;JLN. BASUKI RAHMAT BARAT NO 35, JAJAR, LAWEYAN SURAKARTA (BELAKANG ALILA Hotel - KANTOR IN CONTRO)
RS0254;RESTO ROCKET;"JL.DR.RAJIMAN 368 BARON SOLO ( SEBLH TIMUR Hotel KUSUMA & Hotel BARON )"
RS0253;RESWARA;JL.SENDANG LAWE DUSUN 3 KARANGGENENG KEC BOYOLALI
RS0276;RILASSATI KITCHEN AND PASTRY (NIAGARA ANEKA KREASI);Jl. Adisucipto No. 32 Blulukan Colomadu Karanganyar, SOLO
RS0277;RILASSATI KITCHEN AND PASTRY (none);Jl. Adisucipto No. 32 Blulukan Colomadu Karanganyar, Solo
RS0278;RISMA BROWNIES AND CAKE;"Jl. Solo - Purwodadi Dusun 1 Gemolong Kec. Gemolong Kabupaten Sragen"
RS0279;ROCKET RESTO;"Jl. A. Yani No.310 Dkt Terminal Tirtonadi) Solo"
HT0041;ROEMAH KOE HOTEL;JL. RADJIMAN NO. 501SOLO
RS0369;ROTAN CAFE (ROTI SOELTAN);Jl. Honggowongso Panularan Kec. Laweyan Kota Surakarta
RS0280;ROTI BAKIR;"Jl. Yosodipuro No 122, Mangkubumen, Banjarsari, Surakarta, Jawa Tengah (PER4AN SOLO PARAGON KEKIRI SEBELAH MANDIRI)"
HT0042;RS. INDRIATI (PT.DELTA MERLIN);JL.PALEM RAYA LAGENHARJO SOLO BARURUMAH SAKIT INDRIYANTI
HT0043;RUMAH AT SIRI;Jl. Watusambang, Plumbon, Tawangmangu, Kabupaten Karanganyar, Jawa Tengah
HT0044;RUMAH BOEDI RESIDANCE VILLA BOROBUDUR;"TINGAL WETAN, WANUREJO, BOROBUDUR JAWA TENGAH"
RS0281;RUMAH KOPI SRAGEN;Jalan Raya Sukowati No.352, Sragen, Magero, Sragen Tengah, Kec. Sragen, Kabupaten Sragen, Jawa Tengah
RS0282;RUMAH MAKAN WONOSARI;Yogyakarta
RS0283;SACHI CAKE (NOVITA);"SACHI CAKE (NOVITA) GRAHA MANDIRI TAHAP 2 NO B5,PEREMPAPATAN RCTI,SBLUM ALFAMART PERUM GRAHA MANDIRI"
RS0262;SAE CHICKEN;JL.KALILARANGAN NO 8 SURAKARTA
RS0255;SAE GROUP;JL.KALILARANGAN NO 8 SURAKARTA
RS0284;SAFFRON RESTAURANT & MEATSHOP;JLN. RONGGOWARSITO NO.38, KAMPUNG BARUSOLO
HT0022;SAHID KUSUMA HOTEL (PT. KUSUMA SAHID);JL. JL. SUGIYO PRANOTO NO.20 SOLO
HT0045;SAHID RAYA (PT. SAHID & CO);Jl. Gajahmada No. 82Solo
RS0285;SALAD AZZANA;"Deltakost Jl. Delima No. 2, Desa Paulan Colomadu, Karanganyar"
RS0286;SALAD SQUAD;Jl. Anggrek Raya BW 15Madgondo Grogol Sukoharjo
HT0008;SALA VIEW HOTEL (PT. PANCA WIBAWA UTAMA);Sala View HotelJL. SLAMET RIYADI NO.450 RT 02 RW 13 PURWOSARI, LAWEYAN, SURAKARTA
PC0061;SANDARAN KOPI;Jl. Pulanggeni No.7, Tipes Serengan Surakarta
RS0248;SAPI MELET;"JALAN KENDEN NO 22 SURAKARTA DOKTER DARUKUTNI"
RS0256;SARI BUNDO PADANG;Jl. Gajahmada No.36, Timuran, Kec. Banjarsari, Kota Surakarta, Jawa Tengah 57131
RS0287;SARI BUNDO PADANG (FoC);Jl. Gajahmada No.36, Timuran, Kec. Banjarsari, Kota Surakarta, Jawa Tengah 57131
CT0009;SARI MELATI CATERING;Perumnas Palur, Jalan Manggis 3 No. 25, Ngringo, Jaten, Ngringo, Jaten, Kabupaten Karanganyar, Jawa Tengah 57731, Indonesia
CT0005;SARI ROSO;"Sari Roso Jl. Raya Baki, Butuh RT 02 RW 03, Gedongan, Sukoharjo"
RS0288;SAS;SOLO
PC0062;SATU TUJUAN KOPI;Jl. Pakel No.78 Bonangan, Baturan, Colomadu, Karanganyar
PC0063;SAUDAGAR COFFE;JL. GONDOSULI NO 125 LAWEYAN , KEC LAWEYAN, KOTA SURAKARTA .
RS0289;SCORE BAR & LOUNGE;"THE PARK MALL GF 26-27 JLN. IR. SOEKARNO, GROGOL SUKOHARJO"
RS0290;SECRET GARDEN SOLO;Dukuh, Ginung, Gajahan, Colomadu
RS0291;SEI AMARASI;JL.SADEWA SERENGAN SOLO SURAKARTA
RS0293;SEKOPEE RESTAURAN;"Jl. Kapten Mulyadi No 87 Ruko Lojiwetan Blok B C D E SOLO Samping Bank Indonesia mentok ke timur"
RS0294;SELAKSA GRILL (SFA KARTASURA);Jl. Adi Sumarmo No.138, Dusun 1, Singopuran, Kec. Kartasura, Kabupaten Sukoharjo, Jawa Tengah 57165
RS0295;SELAT & SOP MATAHARI PUSPPA;Perumnas, Jalan Cempaka 1 No.9, Perumnas Ngringo, Ngringo, Kec. Jaten, Kabupaten Karanganyar, Jawa Tengah 57772
DS0022;SENTRAL PANGAN;Solo
PC0064;SENYAWA KOPI;Jl. Prof. DR. Supomo No.11 Sriwedari, Laweyan Surakarta
RS0296;SERAE PIZZA;Belakang XXI Jl.solo
RS0297;SETIA INDARTI;Jl. Kalingga III NO.18 A Banyuagung, Kadipiro, Surakarta
RS0300;SFA STEAK KARANGANYAR;JL.KAPTEN MULYADI CAGAKAN KAB. KARANGANYAR
FC0004;SFA STEAK KARANGANYAR (FoC);JL.KAPTEN MULYADI CAGAKAN KAB. KARANGANYAR (0271 6491268)
RS0298;SHAWAR MANIS;JL.UNTUNG RUROPATI NO. 8 PASAR KLIWON
RS0299;SIMHAE;"KOMPLEK RUKO PLAZA SOLO BARU BLOK HB-08,SOLO BARU SEBRANG BIMA KARAOKE"
UM0047;SMP-SMA INSAN CENDEKIA;Jl. Ovensari, Kadilangu, Baki, Kec. Sukoharjo, Jawa Tengah
RS0337;SOCIAL KITCHEN RESTAURANT;JLN. ABDURRAHMAN SALEH NO. 1 BANJARSARI SOLO(SEBELAH SELATAN PATUNG AHMAD YANI)
RS0302;SOCKI;Jl. Samratulangi No. 30 Kerten Laweyan Solo
PC0065;SOFT KOPI;Solo Paragon Mall, Mangkubumen, Banjarsari, Surakarta, Jawa Tengah (LANTAI II SEBELAH ESKALATOR)
FC0005;SOGA (FoC);JL. SLAMET RIYADI NO.205 RT 001 RW 006 KEMLAYAN, SERENGAN, SURAKARTA
RS0303;SOGA (PT. TRI KUSUMA SANTOSA);JL. SLAMET RIYADI NO.205 RT 001 RW 006 KEMLAYAN, SERENGAN, SURAKARTA
RS0059;SOLARIA HARTONO MALL;MALL CIPUTRA LT.V NO.27-28 JL. ARTERI S.PARMAN GROGOL GROGOL PETAMBURAN JAKARTA BARAT
RS0304;SOLARIA SOLO PARAGON;MALL CIPUTRA LT.V NO.27-28 JL. ARTERI S.PARMAN GROGOL GROGOL PETAMBURAN JAKARTA BARAT
RS0305;SOLARIA SOLO SQUARE;MALL CIPUTRA LT.V NO.27-28 JL. ARTERI S.PARMAN GROGOL GROGOL PETAMBURAN JAKARTA BARAT
RS0306;SOLIA HOTEL YOSODIPURO;Jl. Yosodipuro No.31-33 Timuran, Banjarsari, Surakarta
HT0031;SOLIA ZIGNA HOTEL (PT.HAILAI SINAR CEMERLANG);Jl. Dr. Rajiman No.525, Laweyan, Kec. Laweyan, Kota Surakarta,
PC0056;SOLIZ COFFE;Jl. Solo - Sragen No.16, Turisari, Ngringo, Kec. Jaten, Kabupaten Karanganyar, Jawa Tengah 57772
RS0056;SOLO BAKERY;Jl. Gajah Mada No.47 B, Punggawan, Banjarsari, Kota Surakarta, Jawa Tengah 57132, Indonesia
RS0057;SOLO BISTRO;"JL. SLAMET RIYADI NO 183 SOLO TELP : 0271-643446"
RS0058;SOLO DAUN;"JL ADISUCIPTO 106 NJAJAR SOLO"
RS0307;SOLO FROZEN;Jl. Yosodipuro No.160-150 Mangkubumen Banjarsari Surakarta
HT0038;SOLO INN HOTEL;Jl.Slamet Riyadi 366Solo
RS0308;SOLO ITALIANO Restaurant;Jl. Kenanga 163 Badran Kota Barat Solo (Masuk Gang Samping Gedung SD Muhammadiyah)
HT0046;SOLO PARAGON HOTEL RESIDENCE (PT. SUNINDO GAPURA PRIMA);JL.YOSODIPURO NO 133 RT.04 RW.05 BANJARSARI SURAKARTA JAWA TENGAH
RS0309;SOLO PLUFFY;Jl. Ronggowarsito No.145, Timuran, Banjarsari, Kota Surakarta, Jawa Tengah 57131, Indonesia
RS0310;SOLO STEAK (PAK DIDIK);JL.JAYA WIJAYA MOJOSONGO
RS0311;STAR STEAK BOYOLALI;Jl. Merbabu No.7, Surowedana, Siswodipuran, Kec. Boyolali, Kabupaten Boyolali,
PC0066;STASIUN KOPI (PT. STASIUN KOPI SOLO);JL.MONGINSIDI 77 SETABELAN BANJARSARI SURAKARTA
RS0312;STEAK N CHEESE;JL. HONGGOWONGSO NO.90 SOLO
RS0258;STEAK ON STREET;"Jl. Pabelan 1 depan Kos Alesha (Jalan depan Pom Bensin UMS lurus kiri jalan)"
RS0313;STEAK TENDA SOLO;Jl. Dr. Rajiman No.559, Laweyan, Kec. Laweyan, Kota Surakarta, Jawa Tengah 57148
RS0314;STEAK TOGETHER SOLO;"FOOD COURTE CENTER PAK GENDUT SOLO BARU JL.IR SOEKARNO,SOLO BARO"
RS0315;STEFANY BAKERY & STEAK;Jln.Hayam Wuruk
RS0265;STP SAHID;JL.ADISUJCIPTO 154,SOLO JAWA TENGAH
RS0316;STREET FOOD PG.CL MADU;PG.COLOMADU SOLO
RS0317;STUDIO KOPI;"KOMPLEK RUKO BABARSARI NO 5 BBC PLAZA ( SEKOMPLEK DENGAN CIRCLE K, KOMPLEK RUKO SEBERANG HYPERBOX KARAOKE) YOGYAKARTA"
RS0318;SUASIKO COFFE;JALAN RAJAWALI NO 12 BARENG KLATEN
RS0319;SUGAR KARAOKE;Jl. Palagan Tentara Pelajar No. 106, Kel. Sari Harjo, Kec. Ngaglik, Kabupaten Sleman, Daerah Istimewa Yogyakarta
UM0048;SUGIARTO GUNAWAN;JL. MANGGA DC-4 SOLO BARU, LANGENHARJO RT.00 RW.00, LANGENHARJO, GROGOL, SUKOHARJO, JAWA TENGAH 00000
RS0320;SUGOI TEI;"JLN. NOLOGATEN 234 A PASAR GOWOK KE UTARA DEKAT PEMANCINGAN IKAN"
DS0023;SUMBER JADI JAYA;Jl. Veteran No.189, Danukusuman, Serengan, Kota Surakarta,
RS0321;SUMMER STREET MOCKTAIL;Jl. MT Haryono No.101 Manahan Banjarsari Surakarta
RS0322;SUN CITY Restaurant;"SOLO SQUARE LT 2 JL. SLAMET RIYADI PAJANG LAWEYAN SOLO"
CT0006;SUNNY CATERING;Ngemplak mbothi Rt 03 Rw 04 Kartasura Sukoharjo
DS0014;SUNRISE MEATSHOP & SUPLIYER;"JLN. MELATI NO. 5A SOLO (BELAKANG RS. KASIH IBU)"
RS0323;SUPER CHICKEN SGM;Food Court Lt. 2 Solo Grand MallJL. Slamet Riyadi Street No.273, Penumping, Laweyan, Surakarta
SM0001;SUPERINDO GUMPANG SUKOHARJO (PT. LION SUPER INDO);GEDUNG PERKANTORAN BIDAKARA 2 LT. 19 - 22 JLN. JENDRAL GATOT SUBROTO KAV. 71 - 73 MENTENG DALAM - TEBETJAKARTA SELATAN - DKI JAKARTA 12870
UM0049;SURYO;HARTONO MALL SOLOBARU
RS0325;SUSHI WAOW MOJOSONGO;JALAN TANGKUBAN PERAHU NO 88 MOJOSONGO SURAKARTA (SUSI WAOW)
RS0324;SUWASANA COFFE;JL.AHMAD YANI NO 239 MANAHAN BANJARSARI SOLO
RS0326;SWISS BAKERY SEMARANG;"Jl. Perintis Kemerdekaan, Karanganyar No. 14 (Belakang Pabrik Ban Mega Rabber) SEMARANG"
HT0047;SWISS-BELL HOTEL SOLO (PT. DELTA MERLIN DUNIA PROPERTI);JL.A YANI NO 145.RT 002/RW.006 GILINGAN KEC.BANJARSARI KOTA SURAKARTA
HT0048;SWISS BELL INN SARIPETOJO (PT. SOLO REGENCY HOTEL);Jl. Slamet Riyadi No.437, Sondakan, Kec. Laweyan, Kota Surakarta, Jawa Tengah 57147
HT0035;SYARIAH LOR IN HOTEL;Jl. Adi Sucipto No.47 Blulukan Colomadu
RS0370;TAKIGAWA HARTONO MALL;"HARTONO MALL SOLO JLN. SOLO BARU LT.2 ATAS KFC"
RS0327;TAMRIN COFFE;JL. MOH.Husni Kota no. 10 kerten, kec, laweyan ,Kota Surakarta , Jawa Tengah
RS0328;TAT'S HOUSE;JL.SLAMET RIYADI JOHOSARI GAYAM KEC SUKOHARJO
RS0329;TEAK YARD (CV. JATI PERKASA);Jl. Adi Sucipto, Blukukan Dua, Blulukan, Kec. Colomadu, Kabupaten Karanganyar, Jawa Tengah 57174
RS0330;TEKO RESTO;"JL. RAJAWALI NO.72 KLATEN"
RS0245;TEKSAS RESTO TAWANGMANGU;"Jl. Alternatif Lawu Dawuhan Blumbang Kec. Tawangmangu Kabupaten Karanganyar"
PC0059;TFP COFFEE;Jl. Jendral Urip Sumoharjo, Kepatihan Wetan, Gandekan, Jebres, Surakarta
HT0049;THE ADHIWANGSA HOTEL SOLO;Jalan Adi Sucipto No. 146, Komp. Hailai, SoloJawa Tengah
RS0331;THE BARREL;Jl. Urip Sumoharjo RT 003 RW 002Purwoningratan JebresSurakarta
RS0332;THE HIDDEN PLACE;Ruko no.16, Jl. Popda No.17, Nusukan, Banjarsari, Kota Surakarta, Jawa Tengah 57135
RS0371;THE OISHI BAR;"JLN. VETERAN NO 276 (TIMUR MAKRO) SURAKARTA"
HT0052;THE ROYAL SURAKARTA HERITAGE HOTEL (PT. SUNINDO INDAH HOTEL);Slamet Riyadi St No.6, Kampung Baru, Pasar Kliwon, Surakarta City, Central Java 57111
HT0050;THE SUNAN HOTEL (PT. GRAHAMULYA WIRASTAMA);JL. JEND.A.YANI NO.40 SURAKARTA
RS0053;THE TRANS RESTAURANT;JOGOBAYAN RT.1 RW.6 STABELAN BANJARSARI SOLO (JLN. RADEN SALEH NO. 4)
UM0050;THOMAS;SOLO
RS0333;TIMLO SOLO;"Jl. Jend. Urip Sumoharjo No.94 Purwodiningratan Kec. Jebres Kota Surakarta"
RS0335;TIRAI BAMBOO;"JL.TENGKU UMAR NO.6 KEPRABON SURAKARTA"
RS0004;TJANGKIR GENDHIS;JL. RONGGOWARSITO NO 164, TIMURAN , BANJARSARI, SURAKARTA.
RS0060;TJEMAL TJEMIL;Jalan Dokter Soepomo No.51, Mangkubumen, Banjarsari
RS0336;TOKIO BOWL;"THE PARK SOLO JLN. IR. SOEKARNO GROGOL SUKOHARJO"
RS0193;TOKI-TOKI;"Jl. Ki Hajar Dewantoro No. 43 Jebres Belakang Gerbang UNS Sebelang ATM CENTER"
DS0021;TOKO ASIA BARU;Jl. Jend. Urip Sumoharjo No.50, Sudiroprajan, Kec. Jebres, Kota Surakarta, Jawa Tengah
DS0020;TOKO ATOM;Jl. Dr. Rajiman No.258 Sriwedari, Laweyan, Surakarta
PC0067;TOMUAN COFFE;Jl. Menteri Supeno No.7B, Manahan, Kec. Banjarsari, Kota Surakarta,
RS0372;TONG TJI;JL TIGA NEGERI NO 17 MAKAMHAJI
CT0007;TSABITA JASA BOGA;"Jln. Parangkesit no 20, Sondakan, Laweyan, Solo (Hotel malionoro inn, pasar kabangan ke utara, gang ke 3 ambil kiri, smk al-islam 200m, ke barat, kanan jalan)"
CT0008;TULAS CATERING;JL. TULAS KARANGDOWO KLATEN RT 03/02KLATEN 081804111021
UM0051;TUTI SRI NURYANTI;JL.SURYO PRANOTO 21 RT.006 RW.002, KEPATIHAN WETAN, JEBRES, SURAKARTA, JAWA TENGAH 57129
DS0024;UD. ALASKA FOOD SERVICE;"RUKO KWARASAN PERMAI BLOK A NO.9 SOLO BARU"
DS0025;UD ARGA SARI;"JL. CENDANA 99 BOYOLALI JAWA TENGAH"
DS0026;UD. SALIM;Manahan Solo
RS0338;UNY EPPY;JL.MARKISA IV NJAJAR SOLO
PC0068;UP DATE COFFEE;Jalan Yosodipuro No.133, Mangkubumen, Banjarsari, Mangkubumen, Banjarsari, Kota Surakarta, Jawa Tengah
RS0340;VENICE PIZZA;Jl. Menco Raya, Nilagraha, Gonilan, Kartasura, Kabupaten Sukoharjo, Jawa Tengah
RS0341;VIOLET RESTO;jl.gatot subroto 285 sraten solo (dekat paparons)
RS0342;V JATI;PERUM GRIYA MANGGAR , NO . A9 , PURBAYAN , BAKI , SUKOHARJO JATENG.
RS0373;WAFFLE AND CO';"Gang Poncowati II No. 90 RT 09 RW 01 Kratonan Serengan Surakarta"
RS0343;WAKO CHICKEN;Sriwedari, Laweyan, Surakarta City, Central Java 57141
RS0344;WAROENK GEAL GEOL;Jl. Kenanga No 45 Badran, Purwosari, Laweyan, Kota Surakarta
RS0339;WARUNG 310;"Jl Slamet Riyadi 310 SOLO"
RS0015;WARUNG DEPAN;Jl. Kebangkitan Nasional, Sriwedari, Laweyan, Kota Surakarta, Jawa Tengah 57141 (DEPAN RNB)
RS0036;WARUNG JAGO;Jl. Prof. DR. Supomo No.9, Sriwedari, Laweyan, Kota Surakarta, Jawa Tengah 57141
RS0346;WARUNG MAKAN BU DAR;Jl. Angling Darmo I, Penumping, Kec. Laweyan, Kota Surakarta, Jawa Tengah 57141
RS0347;WARUNG ORANGE SOLO;"JLN. KAPTEN MULYADI NO 19 SOLO (depan RS Kustati, samping alfamart)"
RS0349;WARUNG STEAK SOLO;Jl. R.M. Said No.81 Solo
RS0350;WARUNG UP SIZE;"JL.KP KRATONAN NO 7 BELAKANG CAHAYA SAKTI MOTOR"
RS0348;WEST & EAST BISTRO DRINKERY;Hotel ALILA LT.3, JALAN SLAMET RIYADI NO.562 RT.01 RW.01 JAJAR LAWEYAN SURAKARTA JAWA TENGAH
RS0351;WHEELBUZ CAFE;JL.YOS SUDARSO NO 337 DANUKUSUMAN SERENGAN
RS0352;WHITE PAAL Restaurant;"HARMONI PONDOK PERMATA 2 NO D-1 SUMBERAN RT 09 RW 05 YOGYAKARTA"
RS0353;WIDORI KARTASURA;"Perum Griya Kencana I block B4 Karangasem, Gumpang, Kartasura (Belakang pabrik tyfountex, dekat Transmart Solo)"
RS0354;WISATA NIAGA HOTEL;JL. MERDEKA NO.5 PURWOKERTO
HT0001;WISMA BOGA REST;"Jl. Ir. Soekarno, Kwarasan Grogol Sukoharjo"
RS0355;Xin-Xin Restaurant;Jl. Abdul Muis no. 21 Setabelan Solo
RS0356;XO DIMSUM;The Park Mall Lt.GF No.32, Jl. Ir. Soekarno, Solo Baru, Dusun II, Madegondo, Sukoharjo, Kabupaten Sukoharjo, Jawa Tengah
RS0035;XO SUKI & GRILL SOLO;JLN. SLAMET RIYADI NO 299 SOLO(TIMUR SOLO GRAND MALL)
RS0357;YAKINIKU LIKE (PT. BOGA MAKMUR MANDIRI);WIJAYA GRAND CENTRE BLOK C NO. 33 PULO, KEBAYORAN BARU, JAKARTA SELATAN
RS0358;YANTI'S KITCHEN;YANTI'S KITCHENSUZUKI ADIPUTRAJL. RAYA SOLO BARU 12(DR PATUNG PANDAWA BELOK KIRI NANTI ADA TOWER SUZUKI)
RS0359;YELLOW TRUCK;JL. KEBANGKITAN NASIONAL NO. 35 BELAKANG STADION SRIWEDARI KEC. LAWEYAN, SURAKARTA
RS0241;YUKI;JL.SOLO-SRAGEN NO.16 NGRINGO,KEC.JATEN . KABUPATEN KARANGANYAR, JAWA TENGAH
DS0027;YUMMY BEEF;Jl. Rinjani Raya No. 11 B RT 005 RW 018 Mojosongo, Jebres, Surakarta
RS0360;YU REBI;DEPAN RNB
RS0361;ZAITUN CAFE;Jalan Duwet Raya No. 8 Karangasem, LaweyanDekat UMSSurakarta
RS0363;Zeppelin cafe & eatry;Jl. Imam Bonjol No.12, Kp. Baru, Kec. Ps. Kliwon, Kota Surakarta, Jawa Tengah 57131
PC0069;ZEPPIN COFFEE;Jl. Ki Hajar Dewantara No.51, Jebres, Jawa Tengah
HT0051;ZEST HOTEL SOLO (PT. BUMI HARAPAN INDAH);Jl. Adi Sucipto No.28, Manahan, Kec. Banjarsari, Kota Surakarta, Jawa Tengah 57139
